achieve (достигать): Achieve связано с achievement — достижение. Учить лучше парой: achieve = достигать, achievement = достижение.
achievement (достижение): Achievement связано с achieve — достигать. Achievement = результат, которого достигли.
active (активный): Active почти как “активный”: международное слово, легко запомнить.
activity (занятие; активность): Activity связано с active — активный. Activity = действие или занятие.
add (добавлять): Add короткое: представь кнопку Add — добавить.
address (адрес): Address почти как “адрес”, только английское произношение.
adult (взрослый): Adult можно связать с “адалт” в возрастных пометках: adult = взрослый.
advertisement (реклама; объявление): Advertisement связано с advert — рекламное объявление. Можно запомнить через ad = реклама.
afford (позволить себе): Afford часто идёт с money: can afford = можешь оплатить, можешь позволить.
age (возраст): Age знакомо по фразе age limit — возрастное ограничение.
agent (агент; представитель): Agent почти как “агент”: международное слово.
air (воздух): Air знакомо по airport: air = воздух.
allow (разрешать): Allow можно связать с aloud: если разрешили, можно сказать вслух.
almost (почти): Almost = all + most: почти всё, почти полностью.
although (хотя): Although часто начинает уступку: хотя что-то мешало, действие всё равно случилось.
amazing (удивительный): Amazing связано с amaze — удивлять. Amazing = то, что удивляет.
ancient (древний): Ancient можно связать с античностью: ancient = древний.
animal (животное): Animal похоже на “анимал”: международное слово.
appear (появляться; казаться): Appear связано с appearance — появление, внешний вид.
area (область; район): Area почти как “ареал”: область, зона.
army (армия): Army почти как “армия”, легко запомнить.
arrange (организовывать; устраивать): Arrange часто про порядок: arrange = разложить или организовать.
article (статья; артикль): Article похоже на “артикль”, но также значит статья.
artist (художник; артист): Artist почти как “артист”, но часто значит художник.
attack (атаковать; нападать): Attack почти как “атака”: attack = атаковать.
audience (аудитория; зрители): Audience похоже на “аудитория”: группа слушателей или зрителей.
author (автор): Author почти как “автор”, только английское произношение.
average (средний; обычный): Average лучше учить через average price = средняя цена.
background (фон; прошлое; опыт): Background = back + ground: задний план, фон.
base (основа; база): Base почти как “база”: основа или опорная точка.
basic (базовый; основной): Basic связано с base — база. Basic = базовый.
battle (битва; борьба): Battle похоже на “баталия”: битва, сражение.
beauty (красота): Beauty связано с beautiful — красивый. Beauty = красота.
behavior (поведение): Behavior связано с behave — вести себя. Behavior = поведение.
belong (принадлежать): Belong часто идёт с to: belong to = принадлежать кому-то.
benefit (польза; преимущество): Benefit похоже на “бенефит”: выгода, польза.
billion (миллиард): Billion похоже на “биллион”, но в современном английском это миллиард.
birth (рождение): Birth связано с birthday — день рождения.
board (доска; совет): Board легко запомнить через blackboard — школьная доска.
brain (мозг): Brain звучит как “брейн” в brain game — игра для мозга.
bridge (мост): Bridge можно связать с “бридж”: карточная игра, но образ — мост между берегами.
bright (яркий; умный): Bright часто про свет: bright light = яркий свет.
burn (гореть; сжигать): Burn звучит резко, как огонь: burn = гореть.
business (бизнес; дело): Business почти как “бизнес”.
campaign (кампания): Campaign почти как “кампания”: организованная серия действий.
capital (столица; капитал): Capital может быть столица или капитал: оба значения похожи на русское “капитал”.
career (карьера): Career почти как “карьера”.
case (случай; дело; футляр): Case знакомо по “кейс”: случай, дело или коробка для вещи.
cause (причина): Cause часто отвечает на вопрос why: причина того, что случилось.
cause (вызывать; быть причиной): Cause как глагол = быть причиной: rain caused problems.
celebrate (праздновать): Celebrate связано с celebration — праздник, празднование.
century (век; столетие): Century связано с cent = сто. Century = сто лет.
ceremony (церемония): Ceremony почти как “церемония”.
challenge (вызов; сложная задача): Challenge знакомо как “челлендж”: задача или вызов.
character (персонаж; характер): Character почти как “характер”, но ещё значит персонаж.
charge (заряжать; взимать плату): Charge знакомо по charger — зарядное устройство.
chemical (химический): Chemical почти как “химический”: международное научное слово.
climate (климат): Climate почти как “климат”.
coach (тренер; автобус): Coach часто значит тренер, но в UK может значить междугородний автобус.
comfortable (удобный): Comfortable связано с comfort — комфорт. Comfortable = удобный, комфортный.
community (сообщество; община): Community похоже на “комьюнити”: группа людей вокруг места или идеи.
competition (соревнование; конкуренция): Competition связано с compete — соревноваться.
complete (завершать): Complete похоже на “комплект”: когда комплект полный, задача завершена.
condition (условие; состояние): Condition похоже на “кондиция”: состояние чего-то.
connect (соединять; подключать): Connect почти как “коннект”: связь или подключение.
consider (рассматривать; считать): Consider можно учить через фразу consider an idea = рассмотреть идею.
contact (контакт; связь): Contact почти как “контакт”.
contain (содержать): Contain можно связать с container — контейнер содержит вещи.
context (контекст): Context почти как “контекст”.
control (контроль; управление): Control почти как “контроль”, но также значит управление.
correct (правильный): Correct похоже на “корректный”: правильный.
cost (стоимость): Cost часто про цену: cost = стоимость.
create (создавать): Create связано с creative — творческий. Create = создавать.
creative (творческий): Creative связано с create — создавать.
culture (культура): Culture почти как “культура”.
customer (клиент; покупатель): Customer часто в магазинах: customer = покупатель или клиент.
damage (ущерб; повреждение): Damage можно связать с “дамаг” в играх: урон, повреждение.
decision (решение): Decision связано с decide — решать. Decision = принятое решение.
deep (глубокий): Deep звучит как “дип”: deep water = глубокая вода.
degree (степень; градус; диплом): Degree часто значит градус или степень: оба значения про измерение уровня.
deliver (доставлять): Deliver связано с delivery — доставка. Deliver = доставлять.
department (отдел; департамент): Department похоже на “департамент”: отдел организации.
depend (зависеть): Depend часто идёт с on: depend on = зависеть от.
design (дизайн; проект): Design почти как “дизайн”.
detail (деталь; подробность): Detail почти как “деталь”.
device (устройство): Device часто про технику: phone is a device.
difference (разница; отличие): Difference связано с differ — отличаться. Difference = отличие.
direct (прямой): Direct похоже на “директ”: прямой путь или прямое сообщение.
distance (расстояние): Distance почти как “дистанция”.
document (документ): Document почти как “документ”.
double (двойной): Double похоже на “дабл”: double = двойной.
doubt (сомнение): Doubt часто в фразе no doubt = без сомнения. Буква b не читается.
dream (сон; мечта): Dream легко запомнить через dream job — работа мечты.
duty (обязанность): Duty можно связать с duty-free: там слово duty исторически про пошлину/обязанность.
effect (эффект; влияние): Effect почти как “эффект”.
effort (усилие): Effort лучше учить через фразу make an effort = приложить усилие.
either (тоже не; любой из двух): Either часто работает в паре either...or — или одно, или другое.
employee (сотрудник; работник): Employee связано с employ — нанимать на работу.
employer (работодатель): Employer связан с employee: employer нанимает, employee работает.
empty (пустой): Empty звучит как “эмпти”: пусто, ничего нет.
