word	pos	level	source_order	source
beneficial	adjective	B2	1	oxford5000
conservation	noun	B2	2	oxford5000
distinct	adjective	B2	3	oxford5000
beside	preposition	B2	4	oxford5000
considerable	adjective	B2	5	oxford5000
distinguish	verb	B2	6	oxford5000
besides	preposition	B2	7	oxford5000
besides	adverb	B2	7	oxford5000
considerably	adverb	B2	8	oxford5000
distract	verb	B2	9	oxford5000
absorb	verb	B2	10	oxford5000
bias	noun	B2	11	oxford5000
consistently	adverb	B2	12	oxford5000
disturb	verb	B2	13	oxford5000
abstract	adjective	B2	14	oxford5000
bid	noun	B2	15	oxford5000
bid	verb	B2	15	oxford5000
conspiracy	noun	B2	16	oxford5000
dive	verb	B2	17	oxford5000
dive	noun	B2	17	oxford5000
accent	noun	B2	18	oxford5000
biological	adjective	B2	19	oxford5000
consult	verb	B2	20	oxford5000
diverse	adjective	B2	21	oxford5000
accidentally	adverb	B2	22	oxford5000
blanket	noun	B2	23	oxford5000
consultant	noun	B2	24	oxford5000
diversity	noun	B2	25	oxford5000
accommodate	verb	B2	26	oxford5000
blow	noun	B2	27	oxford5000
consumption	noun	B2	28	oxford5000
divorce	noun	B2	29	oxford5000
divorce	verb	B2	29	oxford5000
accomplish	verb	B2	30	oxford5000
bold	adjective	B2	31	oxford5000
controversial	adjective	B2	32	oxford5000
dominant	adjective	B2	33	oxford5000
accountant	noun	B2	34	oxford5000
bombing	noun	B2	35	oxford5000
controversy	noun	B2	36	oxford5000
donation	noun	B2	37	oxford5000
accuracy	noun	B2	38	oxford5000
booking	noun	B2	39	oxford5000
convenience	noun	B2	40	oxford5000
dot	noun	B2	41	oxford5000
accurately	adverb	B2	42	oxford5000
boost	verb	B2	43	oxford5000
boost	noun	B2	43	oxford5000
convention	noun	B2	44	oxford5000
downtown	noun	B2	45	oxford5000
downtown	adjective	B2	45	oxford5000
downtown	adverb	B2	45	oxford5000
acid	noun	B2	46	oxford5000
bound	adjective	B2	47	oxford5000
conventional	adjective	B2	48	oxford5000
dramatically	adverb	B2	49	oxford5000
activate	verb	B2	50	oxford5000
brick	noun	B2	51	oxford5000
convey	verb	B2	52	oxford5000
drought	noun	B2	53	oxford5000
addiction	noun	B2	54	oxford5000
briefly	adverb	B2	55	oxford5000
convincing	adjective	B2	56	oxford5000
dull	adjective	B2	57	oxford5000
additionally	adverb	B2	58	oxford5000
broadcaster	noun	B2	59	oxford5000
cope	verb	B2	60	oxford5000
dump	verb	B2	61	oxford5000
adequate	adjective	B2	62	oxford5000
broadly	adverb	B2	63	oxford5000
corporation	noun	B2	64	oxford5000
duration	noun	B2	65	oxford5000
adequately	adverb	B2	66	oxford5000
bug	noun	B2	67	oxford5000
corridor	noun	B2	68	oxford5000
dynamic	adjective	B2	69	oxford5000
adjust	verb	B2	70	oxford5000
cabin	noun	B2	71	oxford5000
counter	noun	B2	72	oxford5000
economics	noun	B2	73	oxford5000
affordable	adjective	B2	74	oxford5000
canal	noun	B2	75	oxford5000
coverage	noun	B2	76	oxford5000
economist	noun	B2	77	oxford5000
agriculture	noun	B2	78	oxford5000
candle	noun	B2	79	oxford5000
crack	verb	B2	80	oxford5000
crack	noun	B2	80	oxford5000
editorial	adjective	B2	81	oxford5000
aids	noun	B2	82	oxford5000
carbon	noun	B2	83	oxford5000
craft	noun	B2	84	oxford5000
efficiently	adverb	B2	85	oxford5000
alien	noun	B2	86	oxford5000
casual	adjective	B2	87	oxford5000
creativity	noun	B2	88	oxford5000
elbow	noun	B2	89	oxford5000
alongside	preposition	B2	90	oxford5000
cave	noun	B2	91	oxford5000
critically	adverb	B2	92	oxford5000
electronics	noun	B2	93	oxford5000
altogether	adverb	B2	94	oxford5000
certainty	noun	B2	95	oxford5000
cruise	noun	B2	96	oxford5000
cruise	verb	B2	96	oxford5000
elegant	adjective	B2	97	oxford5000
ambulance	noun	B2	98	oxford5000
certificate	noun	B2	99	oxford5000
cue	noun	B2	100	oxford5000
elementary	adjective	B2	101	oxford5000
amusing	adjective	B2	102	oxford5000
challenging	adjective	B2	103	oxford5000
curious	adjective	B2	104	oxford5000
eliminate	verb	B2	105	oxford5000
analyst	noun	B2	106	oxford5000
championship	noun	B2	107	oxford5000
curriculum	noun	B2	108	oxford5000
embrace	verb	B2	109	oxford5000
ancestor	noun	B2	110	oxford5000
charming	adjective	B2	111	oxford5000
cute	adjective	B2	112	oxford5000
emission	noun	B2	113	oxford5000
animation	noun	B2	114	oxford5000
chase	verb	B2	115	oxford5000
chase	noun	B2	115	oxford5000
dairy	noun	B2	116	oxford5000
dairy	adjective	B2	116	oxford5000
emotionally	adverb	B2	117	oxford5000
annually	adverb	B2	118	oxford5000
cheek	noun	B2	119	oxford5000
dare	verb	B2	120	oxford5000
empire	noun	B2	121	oxford5000
anticipate	verb	B2	122	oxford5000
cheer	verb	B2	123	oxford5000
cheer	noun	B2	123	oxford5000
darkness	noun	B2	124	oxford5000
enjoyable	adjective	B2	125	oxford5000
anxiety	noun	B2	126	oxford5000
choir	noun	B2	127	oxford5000
database	noun	B2	128	oxford5000
entertaining	adjective	B2	129	oxford5000
apology	noun	B2	130	oxford5000
chop	verb	B2	131	oxford5000
deadline	noun	B2	132	oxford5000
entrepreneur	noun	B2	133	oxford5000
applicant	noun	B2	134	oxford5000
circuit	noun	B2	135	oxford5000
deadly	adjective	B2	136	oxford5000
envelope	noun	B2	137	oxford5000
appropriately	adverb	B2	138	oxford5000
civilization	noun	B2	139	oxford5000
dealer	noun	B2	140	oxford5000
equip	verb	B2	141	oxford5000
arrow	noun	B2	142	oxford5000
clarify	verb	B2	143	oxford5000
deck	noun	B2	144	oxford5000
equivalent	noun	B2	145	oxford5000
equivalent	adjective	B2	145	oxford5000
artwork	noun	B2	146	oxford5000
classify	verb	B2	147	oxford5000
defender	noun	B2	148	oxford5000
era	noun	B2	149	oxford5000
aside	adverb	B2	150	oxford5000
clerk	noun	B2	151	oxford5000
delete	verb	B2	152	oxford5000
erupt	verb	B2	153	oxford5000
asset	noun	B2	154	oxford5000
cliff	noun	B2	155	oxford5000
democracy	noun	B2	156	oxford5000
essentially	adverb	B2	157	oxford5000
assign	verb	B2	158	oxford5000
clinic	noun	B2	159	oxford5000
democratic	adjective	B2	160	oxford5000
ethic	noun	B2	161	oxford5000
assistance	noun	B2	162	oxford5000
clip	noun	B2	163	oxford5000
demonstration	noun	B2	164	oxford5000
ethnic	adjective	B2	165	oxford5000
assumption	noun	B2	166	oxford5000
coincidence	noun	B2	167	oxford5000
depart	verb	B2	168	oxford5000
evaluation	noun	B2	169	oxford5000
assure	verb	B2	170	oxford5000
collector	noun	B2	171	oxford5000
dependent	adjective	B2	172	oxford5000
evident	adjective	B2	173	oxford5000
astonishing	adjective	B2	174	oxford5000
colony	noun	B2	175	oxford5000
deposit	noun	B2	176	oxford5000
evolution	noun	B2	177	oxford5000
attachment	noun	B2	178	oxford5000
colourful	adjective	B2	179	oxford5000
depression	noun	B2	180	oxford5000
evolve	verb	B2	181	oxford5000
auction	noun	B2	182	oxford5000
comic	adjective	B2	183	oxford5000
comic	noun	B2	183	oxford5000
derive	verb	B2	184	oxford5000
exceed	verb	B2	185	oxford5000
audio	adjective	B2	186	oxford5000
commander	noun	B2	187	oxford5000
desperately	adverb	B2	188	oxford5000
exception	noun	B2	189	oxford5000
automatic	adjective	B2	190	oxford5000
comparative	adjective	B2	191	oxford5000
destruction	noun	B2	192	oxford5000
excessive	adjective	B2	193	oxford5000
automatically	adverb	B2	194	oxford5000
completion	noun	B2	195	oxford5000
determination	noun	B2	196	oxford5000
exclude	verb	B2	197	oxford5000
awareness	noun	B2	198	oxford5000
compose	verb	B2	199	oxford5000
devote	verb	B2	200	oxford5000
exhibit	verb	B2	201	oxford5000
exhibit	noun	B2	201	oxford5000
awkward	adjective	B2	202	oxford5000
composer	noun	B2	203	oxford5000
differ	verb	B2	204	oxford5000
exit	noun	B2	205	oxford5000
badge	noun	B2	206	oxford5000
compound	noun	B2	207	oxford5000
disability	noun	B2	208	oxford5000
exotic	adjective	B2	209	oxford5000
balanced	adjective	B2	210	oxford5000
comprehensive	adjective	B2	211	oxford5000
disabled	adjective	B2	212	oxford5000
expansion	noun	B2	213	oxford5000
ballet	noun	B2	214	oxford5000
comprise	verb	B2	215	oxford5000
disagreement	noun	B2	216	oxford5000
expertise	noun	B2	217	oxford5000
balloon	noun	B2	218	oxford5000
compulsory	adjective	B2	219	oxford5000
disappoint	verb	B2	220	oxford5000
exploit	verb	B2	221	oxford5000
barely	adverb	B2	222	oxford5000
concrete	adjective	B2	223	oxford5000
concrete	noun	B2	223	oxford5000
disappointment	noun	B2	224	oxford5000
exposure	noun	B2	225	oxford5000
bargain	noun	B2	226	oxford5000
confess	verb	B2	227	oxford5000
discourage	verb	B2	228	oxford5000
extension	noun	B2	229	oxford5000
basement	noun	B2	230	oxford5000
confusion	noun	B2	231	oxford5000
disorder	noun	B2	232	oxford5000
extensive	adjective	B2	233	oxford5000
basket	noun	B2	234	oxford5000
consequently	adverb	B2	235	oxford5000
distant	adjective	B2	236	oxford5000
extensively	adverb	B2	237	oxford5000
bat	noun	B2	238	oxford5000
extract	noun	B2	239	oxford5000
hip	noun	B2	240	oxford5000
litter	noun	B2	241	oxford5000
overcome	verb	B2	242	oxford5000
fabric	noun	B2	243	oxford5000
historian	noun	B2	244	oxford5000
logo	noun	B2	245	oxford5000
overnight	adverb	B2	246	oxford5000
fabulous	adjective	B2	247	oxford5000
homeless	adjective	B2	248	oxford5000
lottery	noun	B2	249	oxford5000
overseas	adverb	B2	250	oxford5000
overseas	adjective	B2	250	oxford5000
failed	adjective	B2	251	oxford5000
honesty	noun	B2	252	oxford5000
loyal	adjective	B2	253	oxford5000
ownership	noun	B2	254	oxford5000
fake	adjective	B2	255	oxford5000
hook	noun	B2	256	oxford5000
lyric	noun	B2	257	oxford5000
oxygen	noun	B2	258	oxford5000
fame	noun	B2	259	oxford5000
hopefully	adverb	B2	260	oxford5000
magnificent	adjective	B2	261	oxford5000
packet	noun	B2	262	oxford5000
fantasy	noun	B2	263	oxford5000
hunger	noun	B2	264	oxford5000
make-up	noun	B2	265	oxford5000
palm	noun	B2	266	oxford5000
fare	noun	B2	267	oxford5000
hypothesis	noun	B2	268	oxford5000
making	noun	B2	269	oxford5000
panic	noun	B2	270	oxford5000
federal	adjective	B2	271	oxford5000
icon	noun	B2	272	oxford5000
manufacture	verb	B2	273	oxford5000
parade	noun	B2	274	oxford5000
fever	noun	B2	275	oxford5000
id	noun	B2	276	oxford5000
manufacturing	noun	B2	277	oxford5000
parallel	adjective	B2	278	oxford5000
parallel	noun	B2	278	oxford5000
firefighter	noun	B2	279	oxford5000
identical	adjective	B2	280	oxford5000
marathon	noun	B2	281	oxford5000
participation	noun	B2	282	oxford5000
firework	noun	B2	283	oxford5000
illusion	noun	B2	284	oxford5000
margin	noun	B2	285	oxford5000
partnership	noun	B2	286	oxford5000
firm	adjective	B2	287	oxford5000
immigration	noun	B2	288	oxford5000
marker	noun	B2	289	oxford5000
part-time	adjective	B2	290	oxford5000
part-time	adverb	B2	290	oxford5000
firmly	adverb	B2	291	oxford5000
immune	adjective	B2	292	oxford5000
martial	adjective	B2	293	oxford5000
passionate	adjective	B2	294	oxford5000
flavour	noun	B2	295	oxford5000
implement	verb	B2	296	oxford5000
mate	noun	B2	297	oxford5000
mate	verb	B2	297	oxford5000
password	noun	B2	298	oxford5000
fond	adjective	B2	299	oxford5000
implication	noun	B2	300	oxford5000
mayor	noun	B2	301	oxford5000
patience	noun	B2	302	oxford5000
fool	noun	B2	303	oxford5000
incentive	noun	B2	304	oxford5000
mechanic	noun	B2	305	oxford5000
pause	verb	B2	306	oxford5000
pause	noun	B2	306	oxford5000
forbid	verb	B2	307	oxford5000
incorporate	verb	B2	308	oxford5000
mechanical	adjective	B2	309	oxford5000
peer	noun	B2	310	oxford5000
forecast	noun	B2	311	oxford5000
forecast	verb	B2	311	oxford5000
incorrect	adjective	B2	312	oxford5000
mechanism	noun	B2	313	oxford5000
penalty	noun	B2	314	oxford5000
format	noun	B2	315	oxford5000
independence	noun	B2	316	oxford5000
medal	noun	B2	317	oxford5000
perceive	verb	B2	318	oxford5000
formation	noun	B2	319	oxford5000
index	noun	B2	320	oxford5000
medication	noun	B2	321	oxford5000
perception	noun	B2	322	oxford5000
formerly	adverb	B2	323	oxford5000
indication	noun	B2	324	oxford5000
membership	noun	B2	325	oxford5000
permanently	adverb	B2	326	oxford5000
fortunate	adjective	B2	327	oxford5000
inevitable	adjective	B2	328	oxford5000
memorable	adjective	B2	329	oxford5000
pill	noun	B2	330	oxford5000
forum	noun	B2	331	oxford5000
inevitably	adverb	B2	332	oxford5000
metaphor	noun	B2	333	oxford5000
pity	noun	B2	334	oxford5000
fossil	noun	B2	335	oxford5000
infer	verb	B2	336	oxford5000
miner	noun	B2	337	oxford5000
placement	noun	B2	338	oxford5000
foundation	noun	B2	339	oxford5000
inflation	noun	B2	340	oxford5000
miserable	adjective	B2	341	oxford5000
portion	noun	B2	342	oxford5000
founder	noun	B2	343	oxford5000
info	noun	B2	344	oxford5000
mode	noun	B2	345	oxford5000
potentially	adverb	B2	346	oxford5000
fraction	noun	B2	347	oxford5000
infrastructure	noun	B2	348	oxford5000
modest	adjective	B2	349	oxford5000
precede	verb	B2	350	oxford5000
fragment	noun	B2	351	oxford5000
inhabitant	noun	B2	352	oxford5000
monster	noun	B2	353	oxford5000
precious	adjective	B2	354	oxford5000
framework	noun	B2	355	oxford5000
inherit	verb	B2	356	oxford5000
monthly	adjective	B2	357	oxford5000
precise	adjective	B2	358	oxford5000
fraud	noun	B2	359	oxford5000
ink	noun	B2	360	oxford5000
monument	noun	B2	361	oxford5000
precisely	adverb	B2	362	oxford5000
freely	adverb	B2	363	oxford5000
innovation	noun	B2	364	oxford5000
moreover	adverb	B2	365	oxford5000
predictable	adjective	B2	366	oxford5000
frequent	adjective	B2	367	oxford5000
innovative	adjective	B2	368	oxford5000
mortgage	noun	B2	369	oxford5000
preference	noun	B2	370	oxford5000
fulfil	verb	B2	371	oxford5000
input	noun	B2	372	oxford5000
mosque	noun	B2	373	oxford5000
pride	noun	B2	374	oxford5000
full-time	adjective	B2	375	oxford5000
full-time	adverb	B2	375	oxford5000
insert	verb	B2	376	oxford5000
motion	noun	B2	377	oxford5000
primarily	adverb	B2	378	oxford5000
fundamentally	adverb	B2	379	oxford5000
inspector	noun	B2	380	oxford5000
motivate	verb	B2	381	oxford5000
principal	adjective	B2	382	oxford5000
furious	adjective	B2	383	oxford5000
installation	noun	B2	384	oxford5000
motivation	noun	B2	385	oxford5000
prior	adjective	B2	386	oxford5000
gaming	noun	B2	387	oxford5000
instant	adjective	B2	388	oxford5000
moving	adjective	B2	389	oxford5000
probability	noun	B2	390	oxford5000
gay	adjective	B2	391	oxford5000
instantly	adverb	B2	392	oxford5000
myth	noun	B2	393	oxford5000
probable	adjective	B2	394	oxford5000
gender	noun	B2	395	oxford5000
integrate	verb	B2	396	oxford5000
naked	adjective	B2	397	oxford5000
proceed	verb	B2	398	oxford5000
gene	noun	B2	399	oxford5000
intellectual	adjective	B2	400	oxford5000
nasty	adjective	B2	401	oxford5000
programming	noun	B2	402	oxford5000
genetic	adjective	B2	403	oxford5000
interact	verb	B2	404	oxford5000
navigation	noun	B2	405	oxford5000
progressive	adjective	B2	406	oxford5000
genius	noun	B2	407	oxford5000
interaction	noun	B2	408	oxford5000
nearby	adjective	B2	409	oxford5000
nearby	adverb	B2	409	oxford5000
prohibit	verb	B2	410	oxford5000
genuine	adjective	B2	411	oxford5000
interpretation	noun	B2	412	oxford5000
necessity	noun	B2	413	oxford5000
promising	adjective	B2	414	oxford5000
genuinely	adverb	B2	415	oxford5000
interval	noun	B2	416	oxford5000
negotiate	verb	B2	417	oxford5000
promotion	noun	B2	418	oxford5000
gesture	noun	B2	419	oxford5000
invade	verb	B2	420	oxford5000
negotiation	noun	B2	421	oxford5000
prompt	verb	B2	422	oxford5000
gig	noun	B2	423	oxford5000
invasion	noun	B2	424	oxford5000
neutral	adjective	B2	425	oxford5000
proportion	noun	B2	426	oxford5000
globalization	noun	B2	427	oxford5000
investor	noun	B2	428	oxford5000
newly	adverb	B2	429	oxford5000
protein	noun	B2	430	oxford5000
globe	noun	B2	431	oxford5000
isolate	verb	B2	432	oxford5000
norm	noun	B2	433	oxford5000
protester	noun	B2	434	oxford5000
golden	adjective	B2	435	oxford5000
isolated	adjective	B2	436	oxford5000
notebook	noun	B2	437	oxford5000
psychological	adjective	B2	438	oxford5000
goodness	noun	B2	439	oxford5000
jail	noun	B2	440	oxford5000
jail	verb	B2	440	oxford5000
novelist	noun	B2	441	oxford5000
publicity	noun	B2	442	oxford5000
gorgeous	adjective	B2	443	oxford5000
jet	noun	B2	444	oxford5000
nowadays	adverb	B2	445	oxford5000
publishing	noun	B2	446	oxford5000
governor	noun	B2	447	oxford5000
joint	adjective	B2	448	oxford5000
joint	noun	B2	448	oxford5000
nursing	adjective	B2	449	oxford5000
punk	noun	B2	450	oxford5000
graphic	adjective	B2	451	oxford5000
journalism	noun	B2	452	oxford5000
nutrition	noun	B2	453	oxford5000
purely	adverb	B2	454	oxford5000
graphics	noun	B2	455	oxford5000
jury	noun	B2	456	oxford5000
obesity	noun	B2	457	oxford5000
pursuit	noun	B2	458	oxford5000
greatly	adverb	B2	459	oxford5000
kit	noun	B2	460	oxford5000
observer	noun	B2	461	oxford5000
puzzle	noun	B2	462	oxford5000
greenhouse	noun	B2	463	oxford5000
ladder	noun	B2	464	oxford5000
obstacle	noun	B2	465	oxford5000
questionnaire	noun	B2	466	oxford5000
grocery	noun	B2	467	oxford5000
landing	noun	B2	468	oxford5000
occupation	noun	B2	469	oxford5000
racial	adjective	B2	470	oxford5000
guideline	noun	B2	471	oxford5000
lane	noun	B2	472	oxford5000
occupy	verb	B2	473	oxford5000
racism	noun	B2	474	oxford5000
habitat	noun	B2	475	oxford5000
lately	adverb	B2	476	oxford5000
offender	noun	B2	477	oxford5000
racist	adjective	B2	478	oxford5000
racist	noun	B2	478	oxford5000
harbour	noun	B2	479	oxford5000
leaflet	noun	B2	480	oxford5000
ongoing	adjective	B2	481	oxford5000
radiation	noun	B2	482	oxford5000
headquarters	noun	B2	483	oxford5000
legend	noun	B2	484	oxford5000
openly	adverb	B2	485	oxford5000
rail	noun	B2	486	oxford5000
heal	verb	B2	487	oxford5000
lens	noun	B2	488	oxford5000
opera	noun	B2	489	oxford5000
random	adjective	B2	490	oxford5000
healthcare	noun	B2	491	oxford5000
lifetime	noun	B2	492	oxford5000
operator	noun	B2	493	oxford5000
rat	noun	B2	494	oxford5000
helmet	noun	B2	495	oxford5000
lighting	noun	B2	496	oxford5000
optimistic	adjective	B2	497	oxford5000
rating	noun	B2	498	oxford5000
hence	adverb	B2	499	oxford5000
likewise	adverb	B2	500	oxford5000
orchestra	noun	B2	501	oxford5000
reasonably	adverb	B2	502	oxford5000
herb	noun	B2	503	oxford5000
limitation	noun	B2	504	oxford5000
organic	adjective	B2	505	oxford5000
rebuild	verb	B2	506	oxford5000
hidden	adjective	B2	507	oxford5000
literally	adverb	B2	508	oxford5000
outfit	noun	B2	509	oxford5000
receiver	noun	B2	510	oxford5000
highway	noun	B2	511	oxford5000
literary	adjective	B2	512	oxford5000
output	noun	B2	513	oxford5000
recession	noun	B2	514	oxford5000
hilarious	adjective	B2	515	oxford5000
litre	noun	B2	516	oxford5000
outstanding	adjective	B2	517	oxford5000
reckon	verb	B2	518	oxford5000
recognition	noun	B2	519	oxford5000
spill	verb	B2	520	oxford5000
treasure	noun	B2	521	oxford5000
activist	noun	B2	522	oxford5000
recovery	noun	B2	523	oxford5000
spite	noun	B2	524	oxford5000
tribe	noun	B2	525	oxford5000
acute	adjective	B2	526	oxford5000
recruit	verb	B2	527	oxford5000
recruit	noun	B2	527	oxford5000
spoil	verb	B2	528	oxford5000
trigger	verb	B2	529	oxford5000
adaptation	noun	B2	530	oxford5000
recruitment	noun	B2	531	oxford5000
spokesman	noun	B2	532	oxford5000
trillion	number	B2	533	oxford5000
adhere	verb	B2	534	oxford5000
referee	noun	B2	535	oxford5000
spokesperson	noun	B2	536	oxford5000
troop	noun	B2	537	oxford5000
adjacent	adjective	B2	538	oxford5000
refugee	noun	B2	539	oxford5000
spokeswoman	noun	B2	540	oxford5000
tsunami	noun	B2	541	oxford5000
adjustment	noun	B2	542	oxford5000
registration	noun	B2	543	oxford5000
sponsorship	noun	B2	544	oxford5000
ultimate	adjective	B2	545	oxford5000
administer	verb	B2	546	oxford5000
regulate	verb	B2	547	oxford5000
sporting	adjective	B2	548	oxford5000
unacceptable	adjective	B2	549	oxford5000
administrative	adjective	B2	550	oxford5000
reinforce	verb	B2	551	oxford5000
stall	noun	B2	552	oxford5000
uncertainty	noun	B2	553	oxford5000
administrator	noun	B2	554	oxford5000
relieve	verb	B2	555	oxford5000
stance	noun	B2	556	oxford5000
undergo	verb	B2	557	oxford5000
admission	noun	B2	558	oxford5000
relieved	adjective	B2	559	oxford5000
starve	verb	B2	560	oxford5000
undertake	verb	B2	561	oxford5000
adolescent	noun	B2	562	oxford5000
remarkable	adjective	B2	563	oxford5000
steadily	adverb	B2	564	oxford5000
unfold	verb	B2	565	oxford5000
adoption	noun	B2	566	oxford5000
remarkably	adverb	B2	567	oxford5000
steam	noun	B2	568	oxford5000
unfortunate	adjective	B2	569	oxford5000
adverse	adjective	B2	570	oxford5000
reporting	noun	B2	571	oxford5000
stimulate	verb	B2	572	oxford5000
unite	verb	B2	573	oxford5000
advocate	noun	B2	574	oxford5000
advocate	verb	B2	574	oxford5000
resign	verb	B2	575	oxford5000
strengthen	verb	B2	576	oxford5000
unity	noun	B2	577	oxford5000
aesthetic	adjective	B2	578	oxford5000
resolution	noun	B2	579	oxford5000
strictly	adverb	B2	580	oxford5000
universal	adjective	B2	581	oxford5000
affection	noun	B2	582	oxford5000
restore	verb	B2	583	oxford5000
stroke	noun	B2	584	oxford5000
urgent	adjective	B2	585	oxford5000
aftermath	noun	B2	586	oxford5000
restrict	verb	B2	587	oxford5000
stunning	adjective	B2	588	oxford5000
usage	noun	B2	589	oxford5000
aggression	noun	B2	590	oxford5000
restriction	noun	B2	591	oxford5000
subsequent	adjective	B2	592	oxford5000
useless	adjective	B2	593	oxford5000
agricultural	adjective	B2	594	oxford5000
retail	noun	B2	595	oxford5000
subsequently	adverb	B2	596	oxford5000
valid	adjective	B2	597	oxford5000
aide	noun	B2	598	oxford5000
retirement	noun	B2	599	oxford5000
suburb	noun	B2	600	oxford5000
variation	noun	B2	601	oxford5000
albeit	conjunction	B2	602	oxford5000
revenue	noun	B2	603	oxford5000
suffering	noun	B2	604	oxford5000
vertical	adjective	B2	605	oxford5000
alert	verb	B2	606	oxford5000
alert	noun	B2	606	oxford5000
alert	adjective	B2	606	oxford5000
revision	noun	B2	607	oxford5000
sufficient	adjective	B2	608	oxford5000
viewpoint	noun	B2	609	oxford5000
alien	adjective	B2	610	oxford5000
ridiculous	adjective	B2	611	oxford5000
sufficiently	adverb	B2	612	oxford5000
visa	noun	B2	613	oxford5000
align	verb	B2	614	oxford5000
risky	adjective	B2	615	oxford5000
super	adjective	B2	616	oxford5000
visible	adjective	B2	617	oxford5000
alignment	noun	B2	618	oxford5000
rival	noun	B2	619	oxford5000
rival	adjective	B2	619	oxford5000
surgeon	noun	B2	620	oxford5000
voluntary	adjective	B2	621	oxford5000
alike	adverb	B2	622	oxford5000
alike	adjective	B2	622	oxford5000
rob	verb	B2	623	oxford5000
survival	noun	B2	624	oxford5000
voting	noun	B2	625	oxford5000
allegation	noun	B2	626	oxford5000
robbery	noun	B2	627	oxford5000
survivor	noun	B2	628	oxford5000
wander	verb	B2	629	oxford5000
allege	verb	B2	630	oxford5000
rocket	noun	B2	631	oxford5000
suspend	verb	B2	632	oxford5000
warming	noun	B2	633	oxford5000
allegedly	adverb	B2	634	oxford5000
romance	noun	B2	635	oxford5000
sustainable	adjective	B2	636	oxford5000
weekly	adjective	B2	637	oxford5000
alliance	noun	B2	638	oxford5000
rose	noun	B2	639	oxford5000
swallow	verb	B2	640	oxford5000
weird	adjective	B2	641	oxford5000
allocate	verb	B2	642	oxford5000
roughly	adverb	B2	643	oxford5000
sympathetic	adjective	B2	644	oxford5000
welfare	noun	B2	645	oxford5000
allocation	noun	B2	646	oxford5000
ruin	verb	B2	647	oxford5000
ruin	noun	B2	647	oxford5000
tackle	verb	B2	648	oxford5000
wheat	noun	B2	649	oxford5000
allowance	noun	B2	650	oxford5000
satisfaction	noun	B2	651	oxford5000
tag	noun	B2	652	oxford5000
tag	verb	B2	652	oxford5000
whoever	pronoun	B2	653	oxford5000
ally	noun	B2	654	oxford5000
scandal	noun	B2	655	oxford5000
tap	verb	B2	656	oxford5000
tap	noun	B2	656	oxford5000
widespread	adjective	B2	657	oxford5000
aluminium	noun	B2	658	oxford5000
scare	verb	B2	659	oxford5000
scare	noun	B2	659	oxford5000
technological	adjective	B2	660	oxford5000
wisdom	noun	B2	661	oxford5000
amateur	adjective	B2	662	oxford5000
amateur	noun	B2	662	oxford5000
scenario	noun	B2	663	oxford5000
teens	noun	B2	664	oxford5000
withdraw	verb	B2	665	oxford5000
ambassador	noun	B2	666	oxford5000
scholar	noun	B2	667	oxford5000
temple	noun	B2	668	oxford5000
workforce	noun	B2	669	oxford5000
amend	verb	B2	670	oxford5000
scholarship	noun	B2	671	oxford5000
temporarily	adverb	B2	672	oxford5000
workplace	noun	B2	673	oxford5000
amendment	noun	B2	674	oxford5000
scratch	verb	B2	675	oxford5000
scratch	noun	B2	675	oxford5000
tendency	noun	B2	676	oxford5000
workshop	noun	B2	677	oxford5000
amid	preposition	B2	678	oxford5000
screening	noun	B2	679	oxford5000
tension	noun	B2	680	oxford5000
worm	noun	B2	681	oxford5000
analogy	noun	B2	682	oxford5000
seeker	noun	B2	683	oxford5000
terminal	noun	B2	684	oxford5000
wrist	noun	B2	685	oxford5000
anchor	noun	B2	686	oxford5000
seminar	noun	B2	687	oxford5000
terms	noun	B2	688	oxford5000
angel	noun	B2	689	oxford5000
settler	noun	B2	690	oxford5000
terribly	adverb	B2	691	oxford5000
anonymous	adjective	B2	692	oxford5000
severely	adverb	B2	693	oxford5000
sexy	adjective	B2	694	oxford5000
terrify	verb	B2	695	oxford5000
territory	noun	B2	696	oxford5000
apparatus	noun	C1	697	oxford5000
appealing	adjective	C1	698	oxford5000
shaped	adjective	C1	699	oxford5000
terror	noun	C1	700	oxford5000
abolish	verb	C1	701	oxford5000
appetite	noun	C1	702	oxford5000
shocking	adjective	C1	703	oxford5000
terrorism	noun	C1	704	oxford5000
abortion	noun	C1	705	oxford5000
applaud	verb	C1	706	oxford5000
shore	noun	C1	707	oxford5000
terrorist	noun	C1	708	oxford5000
absence	noun	C1	709	oxford5000
applicable	adjective	C1	710	oxford5000
shortage	noun	C1	711	oxford5000
testing	noun	C1	712	oxford5000
absent	adjective	C1	713	oxford5000
appoint	verb	C1	714	oxford5000
shortly	adverb	C1	715	oxford5000
textbook	noun	C1	716	oxford5000
absurd	adjective	C1	717	oxford5000
appreciation	noun	C1	718	oxford5000
short-term	adjective	C1	719	oxford5000
theft	noun	C1	720	oxford5000
abundance	noun	C1	721	oxford5000
arbitrary	adjective	C1	722	oxford5000
sibling	noun	C1	723	oxford5000
therapist	noun	C1	724	oxford5000
abuse	noun	C1	725	oxford5000
abuse	verb	C1	725	oxford5000
architectural	adjective	C1	726	oxford5000
signature	noun	C1	727	oxford5000
thesis	noun	C1	728	oxford5000
academy	noun	C1	729	oxford5000
archive	noun	C1	730	oxford5000
significance	noun	C1	731	oxford5000
thorough	adjective	C1	732	oxford5000
accelerate	verb	C1	733	oxford5000
arena	noun	C1	734	oxford5000
skilled	adjective	C1	735	oxford5000
thoroughly	adverb	C1	736	oxford5000
acceptance	noun	C1	737	oxford5000
arguably	adverb	C1	738	oxford5000
skull	noun	C1	739	oxford5000
thumb	noun	C1	740	oxford5000
accessible	adjective	C1	741	oxford5000
arm	verb	C1	742	oxford5000
slogan	noun	C1	743	oxford5000
timing	noun	C1	744	oxford5000
accomplishment	noun	C1	745	oxford5000
array	noun	C1	746	oxford5000
so-called	adjective	C1	747	oxford5000
tissue	noun	C1	748	oxford5000
accordance	noun	C1	749	oxford5000
articulate	verb	C1	750	oxford5000
somehow	adverb	C1	751	oxford5000
ton	noun	C1	752	oxford5000
accordingly	adverb	C1	753	oxford5000
ash	noun	C1	754	oxford5000
sometime	adverb	C1	755	oxford5000
tonne	noun	C1	756	oxford5000
accountability	noun	C1	757	oxford5000
aspiration	noun	C1	758	oxford5000
sophisticated	adjective	C1	759	oxford5000
tournament	noun	C1	760	oxford5000
accountable	adjective	C1	761	oxford5000
aspire	verb	C1	762	oxford5000
spare	adjective	C1	763	oxford5000
trace	verb	C1	764	oxford5000
accumulate	verb	C1	765	oxford5000
assassination	noun	C1	766	oxford5000
specialize	verb	C1	767	oxford5000
trading	noun	C1	768	oxford5000
accumulation	noun	C1	769	oxford5000
assault	noun	C1	770	oxford5000
assault	verb	C1	770	oxford5000
specify	verb	C1	771	oxford5000
tragedy	noun	C1	772	oxford5000
accusation	noun	C1	773	oxford5000
assemble	verb	C1	774	oxford5000
spectacular	adjective	C1	775	oxford5000
tragic	adjective	C1	776	oxford5000
accused	noun	C1	777	oxford5000
assembly	noun	C1	778	oxford5000
spectator	noun	C1	779	oxford5000
trait	noun	C1	780	oxford5000
acid	adjective	C1	781	oxford5000
assert	verb	C1	782	oxford5000
speculate	verb	C1	783	oxford5000
transmit	verb	C1	784	oxford5000
acquisition	noun	C1	785	oxford5000
assertion	noun	C1	786	oxford5000
speculation	noun	C1	787	oxford5000
transportation	noun	C1	788	oxford5000
acre	noun	C1	789	oxford5000
assurance	noun	C1	790	oxford5000
spice	noun	C1	791	oxford5000
trap	verb	C1	792	oxford5000
trap	noun	C1	792	oxford5000
activation	noun	C1	793	oxford5000
asylum	noun	C1	794	oxford5000
atrocity	noun	C1	795	oxford5000
cargo	noun	C1	796	oxford5000
conceive	verb	C1	797	oxford5000
crawl	verb	C1	798	oxford5000
attain	verb	C1	799	oxford5000
carriage	noun	C1	800	oxford5000
conception	noun	C1	801	oxford5000
creator	noun	C1	802	oxford5000
attendance	noun	C1	803	oxford5000
carve	verb	C1	804	oxford5000
concession	noun	C1	805	oxford5000
credibility	noun	C1	806	oxford5000
attorney	noun	C1	807	oxford5000
casino	noun	C1	808	oxford5000
condemn	verb	C1	809	oxford5000
credible	adjective	C1	810	oxford5000
attribute	verb	C1	811	oxford5000
attribute	noun	C1	811	oxford5000
casualty	noun	C1	812	oxford5000
confer	verb	C1	813	oxford5000
creep	verb	C1	814	oxford5000
audit	noun	C1	815	oxford5000
catalogue	noun	C1	816	oxford5000
confession	noun	C1	817	oxford5000
critique	noun	C1	818	oxford5000
authentic	adjective	C1	819	oxford5000
cater	verb	C1	820	oxford5000
configuration	noun	C1	821	oxford5000
crown	noun	C1	822	oxford5000
authorize	verb	C1	823	oxford5000
cattle	noun	C1	824	oxford5000
confine	verb	C1	825	oxford5000
crude	adjective	C1	826	oxford5000
auto	noun	C1	827	oxford5000
caution	noun	C1	828	oxford5000
confirmation	noun	C1	829	oxford5000
crush	verb	C1	830	oxford5000
autonomy	noun	C1	831	oxford5000
cautious	adjective	C1	832	oxford5000
confront	verb	C1	833	oxford5000
crystal	noun	C1	834	oxford5000
availability	noun	C1	835	oxford5000
cease	verb	C1	836	oxford5000
confrontation	noun	C1	837	oxford5000
cult	noun	C1	838	oxford5000
cult	adjective	C1	838	oxford5000
await	verb	C1	839	oxford5000
cemetery	noun	C1	840	oxford5000
congratulate	verb	C1	841	oxford5000
cultivate	verb	C1	842	oxford5000
backdrop	noun	C1	843	oxford5000
chamber	noun	C1	844	oxford5000
congregation	noun	C1	845	oxford5000
curiosity	noun	C1	846	oxford5000
backing	noun	C1	847	oxford5000
chaos	noun	C1	848	oxford5000
congressional	adjective	C1	849	oxford5000
custody	noun	C1	850	oxford5000
backup	noun	C1	851	oxford5000
characterize	verb	C1	852	oxford5000
conquer	verb	C1	853	oxford5000
cutting	noun	C1	854	oxford5000
bail	noun	C1	855	oxford5000
charm	noun	C1	856	oxford5000
conscience	noun	C1	857	oxford5000
cynical	adjective	C1	858	oxford5000
ballot	noun	C1	859	oxford5000
charter	noun	C1	860	oxford5000
consciousness	noun	C1	861	oxford5000
dam	noun	C1	862	oxford5000
banner	noun	C1	863	oxford5000
chronic	adjective	C1	864	oxford5000
consecutive	adjective	C1	865	oxford5000
damaging	adjective	C1	866	oxford5000
bare	adjective	C1	867	oxford5000
chunk	noun	C1	868	oxford5000
consensus	noun	C1	869	oxford5000
dawn	noun	C1	870	oxford5000
barrel	noun	C1	871	oxford5000
circulate	verb	C1	872	oxford5000
consent	noun	C1	873	oxford5000
consent	verb	C1	873	oxford5000
debris	noun	C1	874	oxford5000
bass	noun	C1	875	oxford5000
circulation	noun	C1	876	oxford5000
conserve	verb	C1	877	oxford5000
debut	noun	C1	878	oxford5000
bat	verb	C1	879	oxford5000
citizenship	noun	C1	880	oxford5000
consistency	noun	C1	881	oxford5000
decision-making	noun	C1	882	oxford5000
battlefield	noun	C1	883	oxford5000
civic	adjective	C1	884	oxford5000
consolidate	verb	C1	885	oxford5000
decisive	adjective	C1	886	oxford5000
bay	noun	C1	887	oxford5000
civilian	noun	C1	888	oxford5000
civilian	adjective	C1	888	oxford5000
constituency	noun	C1	889	oxford5000
declaration	noun	C1	890	oxford5000
beam	noun	C1	891	oxford5000
clarity	noun	C1	892	oxford5000
constitute	verb	C1	893	oxford5000
dedicated	adjective	C1	894	oxford5000
beast	noun	C1	895	oxford5000
clash	noun	C1	896	oxford5000
constitution	noun	C1	897	oxford5000
dedication	noun	C1	898	oxford5000
behalf	noun	C1	899	oxford5000
classification	noun	C1	900	oxford5000
constitutional	adjective	C1	901	oxford5000
deed	noun	C1	902	oxford5000
beloved	adjective	C1	903	oxford5000
cling	verb	C1	904	oxford5000
constraint	noun	C1	905	oxford5000
deem	verb	C1	906	oxford5000
bench	noun	C1	907	oxford5000
clinical	adjective	C1	908	oxford5000
consultation	noun	C1	909	oxford5000
default	noun	C1	910	oxford5000
benchmark	noun	C1	911	oxford5000
closure	noun	C1	912	oxford5000
contemplate	verb	C1	913	oxford5000
defect	noun	C1	914	oxford5000
beneath	preposition	C1	915	oxford5000
cluster	noun	C1	916	oxford5000
contempt	noun	C1	917	oxford5000
defensive	adjective	C1	918	oxford5000
beneficiary	noun	C1	919	oxford5000
coalition	noun	C1	920	oxford5000
contend	verb	C1	921	oxford5000
deficiency	noun	C1	922	oxford5000
betray	verb	C1	923	oxford5000
coastal	adjective	C1	924	oxford5000
contender	noun	C1	925	oxford5000
deficit	noun	C1	926	oxford5000
bind	verb	C1	927	oxford5000
cocktail	noun	C1	928	oxford5000
content	adjective	C1	929	oxford5000
defy	verb	C1	930	oxford5000
biography	noun	C1	931	oxford5000
cognitive	adjective	C1	932	oxford5000
contention	noun	C1	933	oxford5000
delegate	noun	C1	934	oxford5000
bishop	noun	C1	935	oxford5000
coincide	verb	C1	936	oxford5000
continually	adverb	C1	937	oxford5000
delegation	noun	C1	938	oxford5000
bizarre	adjective	C1	939	oxford5000
collaborate	verb	C1	940	oxford5000
contractor	noun	C1	941	oxford5000
delicate	adjective	C1	942	oxford5000
blade	noun	C1	943	oxford5000
collaboration	noun	C1	944	oxford5000
contradiction	noun	C1	945	oxford5000
demon	noun	C1	946	oxford5000
blast	noun	C1	947	oxford5000
blast	verb	C1	947	oxford5000
collective	adjective	C1	948	oxford5000
contrary	adjective	C1	949	oxford5000
contrary	noun	C1	949	oxford5000
denial	noun	C1	950	oxford5000
bleed	verb	C1	951	oxford5000
collision	noun	C1	952	oxford5000
contributor	noun	C1	953	oxford5000
denounce	verb	C1	954	oxford5000
blend	verb	C1	955	oxford5000
blend	noun	C1	955	oxford5000
colonial	adjective	C1	956	oxford5000
conversion	noun	C1	957	oxford5000
dense	adjective	C1	958	oxford5000
bless	verb	C1	959	oxford5000
columnist	noun	C1	960	oxford5000
convict	verb	C1	961	oxford5000
density	noun	C1	962	oxford5000
blessing	noun	C1	963	oxford5000
combat	noun	C1	964	oxford5000
combat	verb	C1	964	oxford5000
conviction	noun	C1	965	oxford5000
dependence	noun	C1	966	oxford5000
boast	verb	C1	967	oxford5000
commence	verb	C1	968	oxford5000
cooperate	verb	C1	969	oxford5000
depict	verb	C1	970	oxford5000
bonus	noun	C1	971	oxford5000
commentary	noun	C1	972	oxford5000
cooperative	adjective	C1	973	oxford5000
deploy	verb	C1	974	oxford5000
boom	noun	C1	975	oxford5000
commentator	noun	C1	976	oxford5000
coordinate	verb	C1	977	oxford5000
deployment	noun	C1	978	oxford5000
bounce	verb	C1	979	oxford5000
commerce	noun	C1	980	oxford5000
coordination	noun	C1	981	oxford5000
deposit	verb	C1	982	oxford5000
boundary	noun	C1	983	oxford5000
commissioner	noun	C1	984	oxford5000
coordinator	noun	C1	985	oxford5000
deprive	verb	C1	986	oxford5000
bow	verb	C1	987	oxford5000
bow	noun	C1	987	oxford5000
commodity	noun	C1	988	oxford5000
cop	noun	C1	989	oxford5000
deputy	noun	C1	990	oxford5000
breach	noun	C1	991	oxford5000
breach	verb	C1	991	oxford5000
communist	adjective	C1	992	oxford5000
copper	noun	C1	993	oxford5000
descend	verb	C1	994	oxford5000
breakdown	noun	C1	995	oxford5000
companion	noun	C1	996	oxford5000
copyright	noun	C1	997	oxford5000
descent	noun	C1	998	oxford5000
breakthrough	noun	C1	999	oxford5000
comparable	adjective	C1	1000	oxford5000
correction	noun	C1	1001	oxford5000
designate	verb	C1	1002	oxford5000
breed	verb	C1	1003	oxford5000
breed	noun	C1	1003	oxford5000
compassion	noun	C1	1004	oxford5000
correlate	verb	C1	1005	oxford5000
desirable	adjective	C1	1006	oxford5000
broadband	noun	C1	1007	oxford5000
compel	verb	C1	1008	oxford5000
correlation	noun	C1	1009	oxford5000
desktop	noun	C1	1010	oxford5000
browser	noun	C1	1011	oxford5000
compelling	adjective	C1	1012	oxford5000
correspond	verb	C1	1013	oxford5000
destructive	adjective	C1	1014	oxford5000
brutal	adjective	C1	1015	oxford5000
compensate	verb	C1	1016	oxford5000
correspondence	noun	C1	1017	oxford5000
detain	verb	C1	1018	oxford5000
buck	noun	C1	1019	oxford5000
compensation	noun	C1	1020	oxford5000
correspondent	noun	C1	1021	oxford5000
detection	noun	C1	1022	oxford5000
buddy	noun	C1	1023	oxford5000
competence	noun	C1	1024	oxford5000
corresponding	adjective	C1	1025	oxford5000
detention	noun	C1	1026	oxford5000
buffer	noun	C1	1027	oxford5000
competent	adjective	C1	1028	oxford5000
corrupt	adjective	C1	1029	oxford5000
deteriorate	verb	C1	1030	oxford5000
bulk	noun	C1	1031	oxford5000
compile	verb	C1	1032	oxford5000
corruption	noun	C1	1033	oxford5000
devastate	verb	C1	1034	oxford5000
burden	noun	C1	1035	oxford5000
complement	verb	C1	1036	oxford5000
costly	adjective	C1	1037	oxford5000
devil	noun	C1	1038	oxford5000
bureaucracy	noun	C1	1039	oxford5000
complexity	noun	C1	1040	oxford5000
councillor	noun	C1	1041	oxford5000
devise	verb	C1	1042	oxford5000
burial	noun	C1	1043	oxford5000
compliance	noun	C1	1044	oxford5000
counselling	noun	C1	1045	oxford5000
diagnose	verb	C1	1046	oxford5000
burst	verb	C1	1047	oxford5000
complication	noun	C1	1048	oxford5000
counsellor	noun	C1	1049	oxford5000
diagnosis	noun	C1	1050	oxford5000
cabinet	noun	C1	1051	oxford5000
comply	verb	C1	1052	oxford5000
counter	verb	C1	1053	oxford5000
dictate	verb	C1	1054	oxford5000
calculation	noun	C1	1055	oxford5000
composition	noun	C1	1056	oxford5000
counterpart	noun	C1	1057	oxford5000
dictator	noun	C1	1058	oxford5000
canvas	noun	C1	1059	oxford5000
compromise	noun	C1	1060	oxford5000
compromise	verb	C1	1060	oxford5000
countless	adjective	C1	1061	oxford5000
differentiate	verb	C1	1062	oxford5000
capability	noun	C1	1063	oxford5000
compute	verb	C1	1064	oxford5000
coup	noun	C1	1065	oxford5000
dignity	noun	C1	1066	oxford5000
capitalism	noun	C1	1067	oxford5000
conceal	verb	C1	1068	oxford5000
courtesy	noun	C1	1069	oxford5000
dilemma	noun	C1	1070	oxford5000
capitalist	adjective	C1	1071	oxford5000
concede	verb	C1	1072	oxford5000
craft	verb	C1	1073	oxford5000
dimension	noun	C1	1074	oxford5000
diminish	verb	C1	1075	oxford5000
endless	adjective	C1	1076	oxford5000
flesh	noun	C1	1077	oxford5000
horizon	noun	C1	1078	oxford5000
dip	verb	C1	1079	oxford5000
endorse	verb	C1	1080	oxford5000
flexibility	noun	C1	1081	oxford5000
horn	noun	C1	1082	oxford5000
diplomat	noun	C1	1083	oxford5000
endorsement	noun	C1	1084	oxford5000
flourish	verb	C1	1085	oxford5000
hostage	noun	C1	1086	oxford5000
diplomatic	noun	C1	1087	oxford5000
endure	verb	C1	1088	oxford5000
fluid	noun	C1	1089	oxford5000
hostile	adjective	C1	1090	oxford5000
directory	noun	C1	1091	oxford5000
enforce	verb	C1	1092	oxford5000
footage	noun	C1	1093	oxford5000
hostility	noun	C1	1094	oxford5000
disastrous	adjective	C1	1095	oxford5000
enforcement	noun	C1	1096	oxford5000
foreigner	noun	C1	1097	oxford5000
humanitarian	adjective	C1	1098	oxford5000
discard	verb	C1	1099	oxford5000
engagement	noun	C1	1100	oxford5000
forge	verb	C1	1101	oxford5000
humanity	noun	C1	1102	oxford5000
discharge	verb	C1	1103	oxford5000
engaging	adjective	C1	1104	oxford5000
formula	noun	C1	1105	oxford5000
humble	adjective	C1	1106	oxford5000
disclose	verb	C1	1107	oxford5000
enquire	verb	C1	1108	oxford5000
formulate	verb	C1	1109	oxford5000
hydrogen	noun	C1	1110	oxford5000
disclosure	noun	C1	1111	oxford5000
enrich	verb	C1	1112	oxford5000
forth	adverb	C1	1113	oxford5000
identification	noun	C1	1114	oxford5000
discourse	noun	C1	1115	oxford5000
enrol	verb	C1	1116	oxford5000
forthcoming	adjective	C1	1117	oxford5000
ideological	adjective	C1	1118	oxford5000
discretion	noun	C1	1119	oxford5000
ensue	verb	C1	1120	oxford5000
foster	verb	C1	1121	oxford5000
ideology	noun	C1	1122	oxford5000
discrimination	noun	C1	1123	oxford5000
enterprise	noun	C1	1124	oxford5000
fragile	adjective	C1	1125	oxford5000
idiot	noun	C1	1126	oxford5000
dismissal	noun	C1	1127	oxford5000
enthusiast	noun	C1	1128	oxford5000
franchise	noun	C1	1129	oxford5000
ignorance	noun	C1	1130	oxford5000
displace	verb	C1	1131	oxford5000
entitle	verb	C1	1132	oxford5000
frankly	adverb	C1	1133	oxford5000
imagery	noun	C1	1134	oxford5000
disposal	noun	C1	1135	oxford5000
entity	noun	C1	1136	oxford5000
frustrated	adjective	C1	1137	oxford5000
immense	adjective	C1	1138	oxford5000
dispose	verb	C1	1139	oxford5000
epidemic	noun	C1	1140	oxford5000
frustrating	adjective	C1	1141	oxford5000
imminent	adjective	C1	1142	oxford5000
dispute	noun	C1	1143	oxford5000
dispute	verb	C1	1143	oxford5000
equality	noun	C1	1144	oxford5000
frustration	noun	C1	1145	oxford5000
implementation	noun	C1	1146	oxford5000
disrupt	verb	C1	1147	oxford5000
equation	noun	C1	1148	oxford5000
functional	adjective	C1	1149	oxford5000
imprison	verb	C1	1150	oxford5000
disruption	noun	C1	1151	oxford5000
erect	verb	C1	1152	oxford5000
fundraising	noun	C1	1153	oxford5000
imprisonment	noun	C1	1154	oxford5000
dissolve	verb	C1	1155	oxford5000
escalate	verb	C1	1156	oxford5000
funeral	noun	C1	1157	oxford5000
inability	noun	C1	1158	oxford5000
distinction	noun	C1	1159	oxford5000
essence	noun	C1	1160	oxford5000
gallon	noun	C1	1161	oxford5000
inadequate	adjective	C1	1162	oxford5000
distinctive	adjective	C1	1163	oxford5000
establishment	noun	C1	1164	oxford5000
gambling	noun	C1	1165	oxford5000
inappropriate	adjective	C1	1166	oxford5000
distort	verb	C1	1167	oxford5000
eternal	adjective	C1	1168	oxford5000
gathering	noun	C1	1169	oxford5000
incidence	noun	C1	1170	oxford5000
distress	noun	C1	1171	oxford5000
distress	verb	C1	1171	oxford5000
evacuate	verb	C1	1172	oxford5000
gaze	noun	C1	1173	oxford5000
gaze	verb	C1	1173	oxford5000
inclined	adjective	C1	1174	oxford5000
disturbing	adjective	C1	1175	oxford5000
evoke	verb	C1	1176	oxford5000
gear	noun	C1	1177	oxford5000
inclusion	noun	C1	1178	oxford5000
divert	verb	C1	1179	oxford5000
evolutionary	adjective	C1	1180	oxford5000
generic	adjective	C1	1181	oxford5000
incur	verb	C1	1182	oxford5000
divine	adjective	C1	1183	oxford5000
exaggerate	verb	C1	1184	oxford5000
genocide	noun	C1	1185	oxford5000
indicator	noun	C1	1186	oxford5000
doctrine	noun	C1	1187	oxford5000
excellence	noun	C1	1188	oxford5000
glance	noun	C1	1189	oxford5000
glance	verb	C1	1189	oxford5000
indictment	noun	C1	1190	oxford5000
documentation	noun	C1	1191	oxford5000
exceptional	adjective	C1	1192	oxford5000
glimpse	noun	C1	1193	oxford5000
indigenous	adjective	C1	1194	oxford5000
domain	noun	C1	1195	oxford5000
excess	noun	C1	1196	oxford5000
excess	adjective	C1	1196	oxford5000
glorious	adjective	C1	1197	oxford5000
induce	verb	C1	1198	oxford5000
dominance	noun	C1	1199	oxford5000
exclusion	noun	C1	1200	oxford5000
glory	noun	C1	1201	oxford5000
indulge	verb	C1	1202	oxford5000
donor	noun	C1	1203	oxford5000
exclusive	adjective	C1	1204	oxford5000
governance	noun	C1	1205	oxford5000
inequality	noun	C1	1206	oxford5000
dose	noun	C1	1207	oxford5000
exclusively	adverb	C1	1208	oxford5000
grace	noun	C1	1209	oxford5000
infamous	adjective	C1	1210	oxford5000
drain	verb	C1	1211	oxford5000
execute	verb	C1	1212	oxford5000
grasp	verb	C1	1213	oxford5000
grasp	noun	C1	1213	oxford5000
infant	noun	C1	1214	oxford5000
drift	verb	C1	1215	oxford5000
execution	noun	C1	1216	oxford5000
grave	noun	C1	1217	oxford5000
infect	verb	C1	1218	oxford5000
driving	adjective	C1	1219	oxford5000
exert	verb	C1	1220	oxford5000
grave	adjective	C1	1221	oxford5000
inflict	verb	C1	1222	oxford5000
drown	verb	C1	1223	oxford5000
exile	noun	C1	1224	oxford5000
gravity	noun	C1	1225	oxford5000
influential	adjective	C1	1226	oxford5000
dual	adjective	C1	1227	oxford5000
exit	verb	C1	1228	oxford5000
grid	noun	C1	1229	oxford5000
inherent	adjective	C1	1230	oxford5000
dub	verb	C1	1231	oxford5000
expenditure	noun	C1	1232	oxford5000
grief	noun	C1	1233	oxford5000
inhibit	verb	C1	1234	oxford5000
dumb	adjective	C1	1235	oxford5000
experimental	adjective	C1	1236	oxford5000
grin	verb	C1	1237	oxford5000
grin	noun	C1	1237	oxford5000
initiate	verb	C1	1238	oxford5000
duo	noun	C1	1239	oxford5000
expire	verb	C1	1240	oxford5000
grind	verb	C1	1241	oxford5000
inject	verb	C1	1242	oxford5000
dynamic	noun	C1	1243	oxford5000
explicit	adjective	C1	1244	oxford5000
grip	noun	C1	1245	oxford5000
grip	verb	C1	1245	oxford5000
injection	noun	C1	1246	oxford5000
eager	adjective	C1	1247	oxford5000
explicitly	adverb	C1	1248	oxford5000
gross	adjective	C1	1249	oxford5000
injustice	noun	C1	1250	oxford5000
earnings	noun	C1	1251	oxford5000
exploitation	noun	C1	1252	oxford5000
guerrilla	noun	C1	1253	oxford5000
inmate	noun	C1	1254	oxford5000
ease	noun	C1	1255	oxford5000
ease	verb	C1	1255	oxford5000
explosive	adjective	C1	1256	oxford5000
explosive	noun	C1	1256	oxford5000
guidance	noun	C1	1257	oxford5000
insertion	noun	C1	1258	oxford5000
echo	verb	C1	1259	oxford5000
echo	noun	C1	1259	oxford5000
extract	verb	C1	1260	oxford5000
guilt	noun	C1	1261	oxford5000
insider	noun	C1	1262	oxford5000
ecological	adjective	C1	1263	oxford5000
extremist	noun	C1	1264	oxford5000
gut	noun	C1	1265	oxford5000
inspect	verb	C1	1266	oxford5000
educator	noun	C1	1267	oxford5000
facilitate	verb	C1	1268	oxford5000
hail	verb	C1	1269	oxford5000
inspection	noun	C1	1270	oxford5000
effectiveness	noun	C1	1271	oxford5000
faction	noun	C1	1272	oxford5000
halfway	adverb	C1	1273	oxford5000
inspiration	noun	C1	1274	oxford5000
efficiency	noun	C1	1275	oxford5000
faculty	noun	C1	1276	oxford5000
halt	verb	C1	1277	oxford5000
halt	noun	C1	1277	oxford5000
instinct	noun	C1	1278	oxford5000
ego	noun	C1	1279	oxford5000
fade	verb	C1	1280	oxford5000
handful	noun	C1	1281	oxford5000
institutional	adjective	C1	1282	oxford5000
elaborate	adjective	C1	1283	oxford5000
fairness	noun	C1	1284	oxford5000
handling	noun	C1	1285	oxford5000
instruct	verb	C1	1286	oxford5000
electoral	adjective	C1	1287	oxford5000
fatal	adjective	C1	1288	oxford5000
handy	adjective	C1	1289	oxford5000
instrumental	adjective	C1	1290	oxford5000
elevate	verb	C1	1291	oxford5000
fate	noun	C1	1292	oxford5000
harassment	noun	C1	1293	oxford5000
insufficient	adjective	C1	1294	oxford5000
eligible	adjective	C1	1295	oxford5000
favourable	adjective	C1	1296	oxford5000
hardware	noun	C1	1297	oxford5000
insult	noun	C1	1298	oxford5000
insult	verb	C1	1298	oxford5000
elite	noun	C1	1299	oxford5000
feat	noun	C1	1300	oxford5000
harmony	noun	C1	1301	oxford5000
intact	adjective	C1	1302	oxford5000
embark	verb	C1	1303	oxford5000
feminist	adjective	C1	1304	oxford5000
feminist	noun	C1	1304	oxford5000
harsh	adjective	C1	1305	oxford5000
intake	noun	C1	1306	oxford5000
embarrassment	noun	C1	1307	oxford5000
fibre	noun	C1	1308	oxford5000
harvest	noun	C1	1309	oxford5000
harvest	verb	C1	1309	oxford5000
integral	adjective	C1	1310	oxford5000
embassy	noun	C1	1311	oxford5000
fierce	adjective	C1	1312	oxford5000
hatred	noun	C1	1313	oxford5000
integrated	adjective	C1	1314	oxford5000
embed	verb	C1	1315	oxford5000
film-maker	noun	C1	1316	oxford5000
haunt	verb	C1	1317	oxford5000
integration	noun	C1	1318	oxford5000
embody	verb	C1	1319	oxford5000
filter	noun	C1	1320	oxford5000
filter	verb	C1	1320	oxford5000
hazard	noun	C1	1321	oxford5000
integrity	noun	C1	1322	oxford5000
emergence	noun	C1	1323	oxford5000
fine	noun	C1	1324	oxford5000
fine	verb	C1	1324	oxford5000
heighten	verb	C1	1325	oxford5000
intellectual	noun	C1	1326	oxford5000
empirical	adjective	C1	1327	oxford5000
firearm	noun	C1	1328	oxford5000
heritage	noun	C1	1329	oxford5000
intensify	verb	C1	1330	oxford5000
empower	verb	C1	1331	oxford5000
fit	noun	C1	1332	oxford5000
hierarchy	noun	C1	1333	oxford5000
intensity	noun	C1	1334	oxford5000
enact	verb	C1	1335	oxford5000
fixture	noun	C1	1336	oxford5000
high-profile	adjective	C1	1337	oxford5000
intensive	adjective	C1	1338	oxford5000
encompass	verb	C1	1339	oxford5000
flaw	noun	C1	1340	oxford5000
hint	noun	C1	1341	oxford5000
hint	verb	C1	1341	oxford5000
intent	noun	C1	1342	oxford5000
encouragement	noun	C1	1343	oxford5000
flawed	adjective	C1	1344	oxford5000
homeland	noun	C1	1345	oxford5000
interactive	adjective	C1	1346	oxford5000
encouraging	adjective	C1	1347	oxford5000
flee	verb	C1	1348	oxford5000
hook	verb	C1	1349	oxford5000
interface	noun	C1	1350	oxford5000
endeavour	noun	C1	1351	oxford5000
fleet	noun	C1	1352	oxford5000
hopeful	adjective	C1	1353	oxford5000
interfere	verb	C1	1354	oxford5000
interference	noun	C1	1355	oxford5000
magical	adjective	C1	1356	oxford5000
neighbouring	adjective	C1	1357	oxford5000
petition	noun	C1	1358	oxford5000
interim	adjective	C1	1359	oxford5000
magistrate	noun	C1	1360	oxford5000
nest	noun	C1	1361	oxford5000
philosopher	noun	C1	1362	oxford5000
interior	adjective	C1	1363	oxford5000
interior	noun	C1	1363	oxford5000
magnetic	adjective	C1	1364	oxford5000
net	adjective	C1	1365	oxford5000
philosophical	adjective	C1	1366	oxford5000
intermediate	adjective	C1	1367	oxford5000
magnitude	noun	C1	1368	oxford5000
newsletter	noun	C1	1369	oxford5000
physician	noun	C1	1370	oxford5000
intervene	verb	C1	1371	oxford5000
mainland	noun	C1	1372	oxford5000
niche	noun	C1	1373	oxford5000
pioneer	noun	C1	1374	oxford5000
pioneer	verb	C1	1374	oxford5000
intervention	noun	C1	1375	oxford5000
mainstream	noun	C1	1376	oxford5000
mainstream	adjective	C1	1376	oxford5000
noble	adjective	C1	1377	oxford5000
pipeline	noun	C1	1378	oxford5000
intimate	adjective	C1	1379	oxford5000
maintenance	noun	C1	1380	oxford5000
nod	verb	C1	1381	oxford5000
pirate	noun	C1	1382	oxford5000
intriguing	adjective	C1	1383	oxford5000
mandate	noun	C1	1384	oxford5000
nominate	verb	C1	1385	oxford5000
pit	noun	C1	1386	oxford5000
investigator	noun	C1	1387	oxford5000
mandatory	adjective	C1	1388	oxford5000
nomination	noun	C1	1389	oxford5000
plea	noun	C1	1390	oxford5000
invisible	adjective	C1	1391	oxford5000
manifest	verb	C1	1392	oxford5000
nominee	noun	C1	1393	oxford5000
plead	verb	C1	1394	oxford5000
invoke	verb	C1	1395	oxford5000
manipulate	verb	C1	1396	oxford5000
nonetheless	adverb	C1	1397	oxford5000
pledge	verb	C1	1398	oxford5000
pledge	noun	C1	1398	oxford5000
involvement	noun	C1	1399	oxford5000
manipulation	noun	C1	1400	oxford5000
non-profit	adjective	C1	1401	oxford5000
plug	verb	C1	1402	oxford5000
plug	noun	C1	1402	oxford5000
ironic	adjective	C1	1403	oxford5000
manuscript	noun	C1	1404	oxford5000
nonsense	noun	C1	1405	oxford5000
plunge	verb	C1	1406	oxford5000
ironically	adverb	C1	1407	oxford5000
march	noun	C1	1408	oxford5000
march	verb	C1	1408	oxford5000
noon	noun	C1	1409	oxford5000
pole	noun	C1	1410	oxford5000
irony	noun	C1	1411	oxford5000
marginal	adjective	C1	1412	oxford5000
notable	adjective	C1	1413	oxford5000
poll	noun	C1	1414	oxford5000
irrelevant	adjective	C1	1415	oxford5000
marine	adjective	C1	1416	oxford5000
notably	adverb	C1	1417	oxford5000
pond	noun	C1	1418	oxford5000
isolation	noun	C1	1419	oxford5000
marketplace	noun	C1	1420	oxford5000
notify	verb	C1	1421	oxford5000
pop	verb	C1	1422	oxford5000
judicial	adjective	C1	1423	oxford5000
mask	noun	C1	1424	oxford5000
notorious	adjective	C1	1425	oxford5000
portfolio	noun	C1	1426	oxford5000
junction	noun	C1	1427	oxford5000
massacre	noun	C1	1428	oxford5000
novel	adjective	C1	1429	oxford5000
portray	verb	C1	1430	oxford5000
jurisdiction	noun	C1	1431	oxford5000
mathematical	adjective	C1	1432	oxford5000
nursery	noun	C1	1433	oxford5000
postpone	verb	C1	1434	oxford5000
just	adjective	C1	1435	oxford5000
mature	adjective	C1	1436	oxford5000
mature	verb	C1	1436	oxford5000
objection	noun	C1	1437	oxford5000
post-war	adjective	C1	1438	oxford5000
justification	noun	C1	1439	oxford5000
maximize	verb	C1	1440	oxford5000
oblige	verb	C1	1441	oxford5000
practitioner	noun	C1	1442	oxford5000
kidnap	verb	C1	1443	oxford5000
meaningful	adjective	C1	1444	oxford5000
obsess	verb	C1	1445	oxford5000
preach	verb	C1	1446	oxford5000
kidney	noun	C1	1447	oxford5000
meantime	noun	C1	1448	oxford5000
obsession	noun	C1	1449	oxford5000
precedent	noun	C1	1450	oxford5000
kingdom	noun	C1	1451	oxford5000
medieval	adjective	C1	1452	oxford5000
occasional	adjective	C1	1453	oxford5000
precision	noun	C1	1454	oxford5000
lad	noun	C1	1455	oxford5000
meditation	noun	C1	1456	oxford5000
occurrence	noun	C1	1457	oxford5000
predator	noun	C1	1458	oxford5000
landlord	noun	C1	1459	oxford5000
melody	noun	C1	1460	oxford5000
odds	noun	C1	1461	oxford5000
predecessor	noun	C1	1462	oxford5000
landmark	noun	C1	1463	oxford5000
memo	noun	C1	1464	oxford5000
offering	noun	C1	1465	oxford5000
predominantly	adverb	C1	1466	oxford5000
lap	noun	C1	1467	oxford5000
memoir	noun	C1	1468	oxford5000
offspring	noun	C1	1469	oxford5000
pregnancy	noun	C1	1470	oxford5000
large-scale	adjective	C1	1471	oxford5000
memorial	noun	C1	1472	oxford5000
operational	adjective	C1	1473	oxford5000
prejudice	noun	C1	1474	oxford5000
laser	noun	C1	1475	oxford5000
mentor	noun	C1	1476	oxford5000
opt	verb	C1	1477	oxford5000
preliminary	adjective	C1	1478	oxford5000
latter	adjective	C1	1479	oxford5000
latter	noun	C1	1479	oxford5000
merchant	noun	C1	1480	oxford5000
optical	adjective	C1	1481	oxford5000
premier	noun	C1	1482	oxford5000
lawn	noun	C1	1483	oxford5000
mercy	noun	C1	1484	oxford5000
optimism	noun	C1	1485	oxford5000
premise	noun	C1	1486	oxford5000
lawsuit	noun	C1	1487	oxford5000
mere	adjective	C1	1488	oxford5000
oral	adjective	C1	1489	oxford5000
premium	noun	C1	1490	oxford5000
layout	noun	C1	1491	oxford5000
merely	adverb	C1	1492	oxford5000
organizational	adjective	C1	1493	oxford5000
prescribe	verb	C1	1494	oxford5000
leak	verb	C1	1495	oxford5000
leak	noun	C1	1495	oxford5000
merge	verb	C1	1496	oxford5000
orientation	noun	C1	1497	oxford5000
prescription	noun	C1	1498	oxford5000
leap	verb	C1	1499	oxford5000
leap	noun	C1	1499	oxford5000
merger	noun	C1	1500	oxford5000
originate	verb	C1	1501	oxford5000
presently	adverb	C1	1502	oxford5000
legacy	noun	C1	1503	oxford5000
merit	noun	C1	1504	oxford5000
outbreak	noun	C1	1505	oxford5000
preservation	noun	C1	1506	oxford5000
legendary	adjective	C1	1507	oxford5000
methodology	noun	C1	1508	oxford5000
outing	noun	C1	1509	oxford5000
preside	verb	C1	1510	oxford5000
legislation	noun	C1	1511	oxford5000
midst	noun	C1	1512	oxford5000
outlet	noun	C1	1513	oxford5000
presidency	noun	C1	1514	oxford5000
legislative	adjective	C1	1515	oxford5000
migration	noun	C1	1516	oxford5000
outlook	noun	C1	1517	oxford5000
presidential	adjective	C1	1518	oxford5000
legislature	noun	C1	1519	oxford5000
militant	noun	C1	1520	oxford5000
militant	adjective	C1	1520	oxford5000
outrage	noun	C1	1521	oxford5000
outrage	verb	C1	1521	oxford5000
prestigious	adjective	C1	1522	oxford5000
legitimate	adjective	C1	1523	oxford5000
militia	noun	C1	1524	oxford5000
outsider	noun	C1	1525	oxford5000
presumably	adverb	C1	1526	oxford5000
lengthy	adjective	C1	1527	oxford5000
mill	noun	C1	1528	oxford5000
overlook	verb	C1	1529	oxford5000
presume	verb	C1	1530	oxford5000
lesbian	adjective	C1	1531	oxford5000
minimal	adjective	C1	1532	oxford5000
overly	adverb	C1	1533	oxford5000
prevail	verb	C1	1534	oxford5000
lesser	adjective	C1	1535	oxford5000
minimize	verb	C1	1536	oxford5000
oversee	verb	C1	1537	oxford5000
prevalence	noun	C1	1538	oxford5000
lethal	adjective	C1	1539	oxford5000
mining	noun	C1	1540	oxford5000
overturn	verb	C1	1541	oxford5000
prevention	noun	C1	1542	oxford5000
liable	adjective	C1	1543	oxford5000
ministry	noun	C1	1544	oxford5000
overwhelm	verb	C1	1545	oxford5000
prey	noun	C1	1546	oxford5000
liberal	adjective	C1	1547	oxford5000
liberal	noun	C1	1547	oxford5000
minute	adjective	C1	1548	oxford5000
overwhelming	adjective	C1	1549	oxford5000
principal	noun	C1	1550	oxford5000
liberation	noun	C1	1551	oxford5000
miracle	noun	C1	1552	oxford5000
pad	noun	C1	1553	oxford5000
privatization	noun	C1	1554	oxford5000
liberty	noun	C1	1555	oxford5000
misery	noun	C1	1556	oxford5000
parameter	noun	C1	1557	oxford5000
privilege	noun	C1	1558	oxford5000
license	verb	C1	1559	oxford5000
misleading	adjective	C1	1560	oxford5000
parental	adjective	C1	1561	oxford5000
probe	noun	C1	1562	oxford5000
probe	verb	C1	1562	oxford5000
lifelong	adjective	C1	1563	oxford5000
missile	noun	C1	1564	oxford5000
parish	noun	C1	1565	oxford5000
problematic	adjective	C1	1566	oxford5000
likelihood	noun	C1	1567	oxford5000
mob	noun	C1	1568	oxford5000
parliamentary	adjective	C1	1569	oxford5000
proceedings	noun	C1	1570	oxford5000
limb	noun	C1	1571	oxford5000
mobility	noun	C1	1572	oxford5000
partial	adjective	C1	1573	oxford5000
proceeds	noun	C1	1574	oxford5000
linear	adjective	C1	1575	oxford5000
mobilize	verb	C1	1576	oxford5000
partially	adverb	C1	1577	oxford5000
processing	noun	C1	1578	oxford5000
line-up	noun	C1	1579	oxford5000
moderate	adjective	C1	1580	oxford5000
passing	noun	C1	1581	oxford5000
processor	noun	C1	1582	oxford5000
linger	verb	C1	1583	oxford5000
modification	noun	C1	1584	oxford5000
passive	adjective	C1	1585	oxford5000
proclaim	verb	C1	1586	oxford5000
listing	noun	C1	1587	oxford5000
momentum	noun	C1	1588	oxford5000
pastor	noun	C1	1589	oxford5000
productive	adjective	C1	1590	oxford5000
literacy	noun	C1	1591	oxford5000
monk	noun	C1	1592	oxford5000
patch	noun	C1	1593	oxford5000
productivity	noun	C1	1594	oxford5000
liver	noun	C1	1595	oxford5000
monopoly	noun	C1	1596	oxford5000
patent	noun	C1	1597	oxford5000
profitable	adjective	C1	1598	oxford5000
lobby	noun	C1	1599	oxford5000
lobby	verb	C1	1599	oxford5000
morality	noun	C1	1600	oxford5000
pathway	noun	C1	1601	oxford5000
profound	adjective	C1	1602	oxford5000
log	noun	C1	1603	oxford5000
log	verb	C1	1603	oxford5000
motive	noun	C1	1604	oxford5000
patrol	noun	C1	1605	oxford5000
patrol	verb	C1	1605	oxford5000
projection	noun	C1	1606	oxford5000
logic	noun	C1	1607	oxford5000
motorist	noun	C1	1608	oxford5000
patron	noun	C1	1609	oxford5000
prominent	adjective	C1	1610	oxford5000
long-standing	adjective	C1	1611	oxford5000
municipal	adjective	C1	1612	oxford5000
peak	noun	C1	1613	oxford5000
pronounced	adjective	C1	1614	oxford5000
long-time	adjective	C1	1615	oxford5000
mutual	adjective	C1	1616	oxford5000
peasant	noun	C1	1617	oxford5000
propaganda	noun	C1	1618	oxford5000
loom	verb	C1	1619	oxford5000
namely	adverb	C1	1620	oxford5000
peculiar	adjective	C1	1621	oxford5000
proposition	noun	C1	1622	oxford5000
loop	noun	C1	1623	oxford5000
nationwide	adjective	C1	1624	oxford5000
persist	verb	C1	1625	oxford5000
prosecute	verb	C1	1626	oxford5000
loyalty	noun	C1	1627	oxford5000
naval	adjective	C1	1628	oxford5000
persistent	adjective	C1	1629	oxford5000
prosecution	noun	C1	1630	oxford5000
machinery	noun	C1	1631	oxford5000
neglect	verb	C1	1632	oxford5000
neglect	noun	C1	1632	oxford5000
personnel	noun	C1	1633	oxford5000
prosecutor	noun	C1	1634	oxford5000
prospective	adjective	C1	1635	oxford5000
residential	adjective	C1	1636	oxford5000
situated	adjective	C1	1637	oxford5000
subtle	adjective	C1	1638	oxford5000
prosperity	noun	C1	1639	oxford5000
residue	noun	C1	1640	oxford5000
sketch	noun	C1	1641	oxford5000
suburban	adjective	C1	1642	oxford5000
protective	adjective	C1	1643	oxford5000
resignation	noun	C1	1644	oxford5000
skip	verb	C1	1645	oxford5000
succession	noun	C1	1646	oxford5000
protocol	noun	C1	1647	oxford5000
resistance	noun	C1	1648	oxford5000
slam	verb	C1	1649	oxford5000
successive	adjective	C1	1650	oxford5000
province	noun	C1	1651	oxford5000
respective	adjective	C1	1652	oxford5000
slap	verb	C1	1653	oxford5000
successor	noun	C1	1654	oxford5000
provincial	adjective	C1	1655	oxford5000
respectively	adverb	C1	1656	oxford5000
slash	verb	C1	1657	oxford5000
suck	verb	C1	1658	oxford5000
provision	noun	C1	1659	oxford5000
restoration	noun	C1	1660	oxford5000
slavery	noun	C1	1661	oxford5000
sue	verb	C1	1662	oxford5000
provoke	verb	C1	1663	oxford5000
restraint	noun	C1	1664	oxford5000
slot	noun	C1	1665	oxford5000
suicide	noun	C1	1666	oxford5000
psychiatric	adjective	C1	1667	oxford5000
resume	verb	C1	1668	oxford5000
smash	verb	C1	1669	oxford5000
suite	noun	C1	1670	oxford5000
pulse	noun	C1	1671	oxford5000
retreat	noun	C1	1672	oxford5000
retreat	verb	C1	1672	oxford5000
snap	verb	C1	1673	oxford5000
summit	noun	C1	1674	oxford5000
pump	verb	C1	1675	oxford5000
pump	noun	C1	1675	oxford5000
retrieve	verb	C1	1676	oxford5000
soak	verb	C1	1677	oxford5000
superb	adjective	C1	1678	oxford5000
punch	noun	C1	1679	oxford5000
punch	verb	C1	1679	oxford5000
revelation	noun	C1	1680	oxford5000
soar	verb	C1	1681	oxford5000
superior	adjective	C1	1682	oxford5000
query	noun	C1	1683	oxford5000
revenge	noun	C1	1684	oxford5000
socialist	adjective	C1	1685	oxford5000
supervise	verb	C1	1686	oxford5000
quest	noun	C1	1687	oxford5000
reverse	verb	C1	1688	oxford5000
reverse	noun	C1	1688	oxford5000
reverse	adjective	C1	1688	oxford5000
sole	adjective	C1	1689	oxford5000
supervision	noun	C1	1690	oxford5000
quota	noun	C1	1691	oxford5000
revival	noun	C1	1692	oxford5000
solely	adverb	C1	1693	oxford5000
supervisor	noun	C1	1694	oxford5000
radar	noun	C1	1695	oxford5000
revive	verb	C1	1696	oxford5000
solicitor	noun	C1	1697	oxford5000
supplement	noun	C1	1698	oxford5000
supplement	verb	C1	1698	oxford5000
radical	adjective	C1	1699	oxford5000
revolutionary	adjective	C1	1700	oxford5000
solidarity	noun	C1	1701	oxford5000
supportive	adjective	C1	1702	oxford5000
rage	noun	C1	1703	oxford5000
rhetoric	noun	C1	1704	oxford5000
solo	adjective	C1	1705	oxford5000
solo	noun	C1	1705	oxford5000
supposedly	adverb	C1	1706	oxford5000
raid	noun	C1	1707	oxford5000
raid	verb	C1	1707	oxford5000
rifle	noun	C1	1708	oxford5000
sound	adjective	C1	1709	oxford5000
suppress	verb	C1	1710	oxford5000
rally	noun	C1	1711	oxford5000
rally	verb	C1	1711	oxford5000
riot	noun	C1	1712	oxford5000
sovereignty	noun	C1	1713	oxford5000
supreme	adjective	C1	1714	oxford5000
ranking	noun	C1	1715	oxford5000
rip	verb	C1	1716	oxford5000
spam	noun	C1	1717	oxford5000
surge	noun	C1	1718	oxford5000
surge	verb	C1	1718	oxford5000
rape	noun	C1	1719	oxford5000
rape	verb	C1	1719	oxford5000
ritual	noun	C1	1720	oxford5000
span	verb	C1	1721	oxford5000
span	noun	C1	1721	oxford5000
surgical	adjective	C1	1722	oxford5000
ratio	noun	C1	1723	oxford5000
robust	adjective	C1	1724	oxford5000
spare	verb	C1	1725	oxford5000
surplus	noun	C1	1726	oxford5000
rational	adjective	C1	1727	oxford5000
rock	verb	C1	1728	oxford5000
spark	verb	C1	1729	oxford5000
surrender	verb	C1	1730	oxford5000
ray	noun	C1	1731	oxford5000
rod	noun	C1	1732	oxford5000
specialized	adjective	C1	1733	oxford5000
surveillance	noun	C1	1734	oxford5000
readily	adverb	C1	1735	oxford5000
rotate	verb	C1	1736	oxford5000
specification	noun	C1	1737	oxford5000
suspension	noun	C1	1738	oxford5000
realization	noun	C1	1739	oxford5000
rotation	noun	C1	1740	oxford5000
specimen	noun	C1	1741	oxford5000
suspicion	noun	C1	1742	oxford5000
realm	noun	C1	1743	oxford5000
ruling	noun	C1	1744	oxford5000
spectacle	noun	C1	1745	oxford5000
suspicious	adjective	C1	1746	oxford5000
rear	adjective	C1	1747	oxford5000
rear	noun	C1	1747	oxford5000
rumour	noun	C1	1748	oxford5000
spectrum	noun	C1	1749	oxford5000
sustain	verb	C1	1750	oxford5000
reasoning	noun	C1	1751	oxford5000
sack	verb	C1	1752	oxford5000
spell	noun	C1	1753	oxford5000
swing	verb	C1	1754	oxford5000
swing	noun	C1	1754	oxford5000
reassure	verb	C1	1755	oxford5000
sacred	adjective	C1	1756	oxford5000
sphere	noun	C1	1757	oxford5000
sword	noun	C1	1758	oxford5000
rebel	noun	C1	1759	oxford5000
sacrifice	noun	C1	1760	oxford5000
sacrifice	verb	C1	1760	oxford5000
spin	verb	C1	1761	oxford5000
spin	noun	C1	1761	oxford5000
symbolic	adjective	C1	1762	oxford5000
rebellion	noun	C1	1763	oxford5000
saint	noun	C1	1764	oxford5000
spine	noun	C1	1765	oxford5000
syndrome	noun	C1	1766	oxford5000
recipient	noun	C1	1767	oxford5000
sake	noun	C1	1768	oxford5000
spotlight	noun	C1	1769	oxford5000
synthesis	noun	C1	1770	oxford5000
reconstruction	noun	C1	1771	oxford5000
sanction	noun	C1	1772	oxford5000
spouse	noun	C1	1773	oxford5000
systematic	adjective	C1	1774	oxford5000
recount	verb	C1	1775	oxford5000
say	noun	C1	1776	oxford5000
spy	noun	C1	1777	oxford5000
spy	verb	C1	1777	oxford5000
tackle	noun	C1	1778	oxford5000
referendum	noun	C1	1779	oxford5000
scattered	adjective	C1	1780	oxford5000
squad	noun	C1	1781	oxford5000
tactic	noun	C1	1782	oxford5000
reflection	noun	C1	1783	oxford5000
sceptical	adjective	C1	1784	oxford5000
squeeze	verb	C1	1785	oxford5000
tactical	adjective	C1	1786	oxford5000
reform	noun	C1	1787	oxford5000
reform	verb	C1	1787	oxford5000
scope	noun	C1	1788	oxford5000
stab	verb	C1	1789	oxford5000
taxpayer	noun	C1	1790	oxford5000
refuge	noun	C1	1791	oxford5000
screw	verb	C1	1792	oxford5000
screw	noun	C1	1792	oxford5000
stability	noun	C1	1793	oxford5000
tempt	verb	C1	1794	oxford5000
refusal	noun	C1	1795	oxford5000
scrutiny	noun	C1	1796	oxford5000
stabilize	verb	C1	1797	oxford5000
tenant	noun	C1	1798	oxford5000
regain	verb	C1	1799	oxford5000
seal	verb	C1	1800	oxford5000
seal	noun	C1	1800	oxford5000
stake	noun	C1	1801	oxford5000
tender	adjective	C1	1802	oxford5000
regardless	adverb	C1	1803	oxford5000
secular	adjective	C1	1804	oxford5000
standing	adjective	C1	1805	oxford5000
tenure	noun	C1	1806	oxford5000
regime	noun	C1	1807	oxford5000
seemingly	adverb	C1	1808	oxford5000
stark	adjective	C1	1809	oxford5000
terminal	adjective	C1	1810	oxford5000
regulator	noun	C1	1811	oxford5000
segment	noun	C1	1812	oxford5000
statistical	adjective	C1	1813	oxford5000
terminate	verb	C1	1814	oxford5000
regulatory	adjective	C1	1815	oxford5000
seize	verb	C1	1816	oxford5000
steer	verb	C1	1817	oxford5000
terrain	noun	C1	1818	oxford5000
rehabilitation	noun	C1	1819	oxford5000
seldom	adverb	C1	1820	oxford5000
stem	noun	C1	1821	oxford5000
stem	verb	C1	1821	oxford5000
terrific	adjective	C1	1822	oxford5000
reign	noun	C1	1823	oxford5000
reign	verb	C1	1823	oxford5000
selective	adjective	C1	1824	oxford5000
stereotype	noun	C1	1825	oxford5000
testify	verb	C1	1826	oxford5000
rejection	noun	C1	1827	oxford5000
senator	noun	C1	1828	oxford5000
stimulus	noun	C1	1829	oxford5000
testimony	noun	C1	1830	oxford5000
relevance	noun	C1	1831	oxford5000
sensation	noun	C1	1832	oxford5000
stir	verb	C1	1833	oxford5000
texture	noun	C1	1834	oxford5000
reliability	noun	C1	1835	oxford5000
sensitivity	noun	C1	1836	oxford5000
storage	noun	C1	1837	oxford5000
thankfully	adverb	C1	1838	oxford5000
reluctant	adjective	C1	1839	oxford5000
sentiment	noun	C1	1840	oxford5000
straightforward	adjective	C1	1841	oxford5000
theatrical	adjective	C1	1842	oxford5000
remainder	noun	C1	1843	oxford5000
separation	noun	C1	1844	oxford5000
strain	noun	C1	1845	oxford5000
theology	noun	C1	1846	oxford5000
remains	noun	C1	1847	oxford5000
serial	adjective	C1	1848	oxford5000
strand	noun	C1	1849	oxford5000
theoretical	adjective	C1	1850	oxford5000
remedy	noun	C1	1851	oxford5000
settlement	noun	C1	1852	oxford5000
strategic	adjective	C1	1853	oxford5000
thereafter	adverb	C1	1854	oxford5000
reminder	noun	C1	1855	oxford5000
set-up	noun	C1	1856	oxford5000
striking	adjective	C1	1857	oxford5000
thereby	adverb	C1	1858	oxford5000
removal	noun	C1	1859	oxford5000
sexuality	noun	C1	1860	oxford5000
strip	noun	C1	1861	oxford5000
thoughtful	adjective	C1	1862	oxford5000
render	verb	C1	1863	oxford5000
shareholder	noun	C1	1864	oxford5000
 a layer) 	verb	C1	1865	oxford5000
thought-provoking	adjective	C1	1866	oxford5000
renew	verb	C1	1867	oxford5000
shatter	verb	C1	1868	oxford5000
strive	verb	C1	1869	oxford5000
thread	noun	C1	1870	oxford5000
renowned	adjective	C1	1871	oxford5000
shed	verb	C1	1872	oxford5000
structural	adjective	C1	1873	oxford5000
threshold	noun	C1	1874	oxford5000
rental	noun	C1	1875	oxford5000
sheer	adjective	C1	1876	oxford5000
stumble	verb	C1	1877	oxford5000
thrilled	adjective	C1	1878	oxford5000
replacement	noun	C1	1879	oxford5000
shipping	noun	C1	1880	oxford5000
stun	verb	C1	1881	oxford5000
thrive	verb	C1	1882	oxford5000
reportedly	adverb	C1	1883	oxford5000
shoot	noun	C1	1884	oxford5000
submission	noun	C1	1885	oxford5000
tide	noun	C1	1886	oxford5000
representation	noun	C1	1887	oxford5000
shrink	verb	C1	1888	oxford5000
subscriber	noun	C1	1889	oxford5000
tighten	verb	C1	1890	oxford5000
reproduce	verb	C1	1891	oxford5000
shrug	verb	C1	1892	oxford5000
subscription	noun	C1	1893	oxford5000
timber	noun	C1	1894	oxford5000
reproduction	noun	C1	1895	oxford5000
sigh	verb	C1	1896	oxford5000
sigh	noun	C1	1896	oxford5000
subsidy	noun	C1	1897	oxford5000
timely	adjective	C1	1898	oxford5000
republic	noun	C1	1899	oxford5000
simulate	verb	C1	1900	oxford5000
substantial	adjective	C1	1901	oxford5000
tobacco	noun	C1	1902	oxford5000
resemble	verb	C1	1903	oxford5000
simulation	noun	C1	1904	oxford5000
substantially	adverb	C1	1905	oxford5000
tolerance	noun	C1	1906	oxford5000
reside	verb	C1	1907	oxford5000
simultaneously	adverb	C1	1908	oxford5000
substitute	noun	C1	1909	oxford5000
substitute	verb	C1	1909	oxford5000
tolerate	verb	C1	1910	oxford5000
residence	noun	C1	1911	oxford5000
sin	noun	C1	1912	oxford5000
substitution	noun	C1	1913	oxford5000
toll	noun	C1	1914	oxford5000
top	verb	C1	1915	oxford5000
troubled	adjective	C1	1916	oxford5000
venture	noun	C1	1917	oxford5000
venture	verb	C1	1917	oxford5000
weave	verb	C1	1918	oxford5000
torture	noun	C1	1919	oxford5000
torture	verb	C1	1919	oxford5000
trustee	noun	C1	1920	oxford5000
verbal	adjective	C1	1921	oxford5000
weed	noun	C1	1922	oxford5000
toss	verb	C1	1923	oxford5000
tuition	noun	C1	1924	oxford5000
verdict	noun	C1	1925	oxford5000
well	noun	C1	1926	oxford5000
total	verb	C1	1927	oxford5000
turnout	noun	C1	1928	oxford5000
verify	verb	C1	1929	oxford5000
well-being	noun	C1	1930	oxford5000
toxic	adjective	C1	1931	oxford5000
turnover	noun	C1	1932	oxford5000
verse	noun	C1	1933	oxford5000
whatsoever	adverb	C1	1934	oxford5000
trace	noun	C1	1935	oxford5000
twist	verb	C1	1936	oxford5000
twist	noun	C1	1936	oxford5000
versus	preposition	C1	1937	oxford5000
whereby	adverb	C1	1938	oxford5000
trademark	noun	C1	1939	oxford5000
undergraduate	noun	C1	1940	oxford5000
vessel	noun	C1	1941	oxford5000
whilst	conjunction	C1	1942	oxford5000
trail	noun	C1	1943	oxford5000
trail	verb	C1	1943	oxford5000
underlying	adjective	C1	1944	oxford5000
veteran	noun	C1	1945	oxford5000
whip	verb	C1	1946	oxford5000
trailer	noun	C1	1947	oxford5000
undermine	verb	C1	1948	oxford5000
viable	adjective	C1	1949	oxford5000
wholly	adverb	C1	1950	oxford5000
transaction	noun	C1	1951	oxford5000
undoubtedly	adverb	C1	1952	oxford5000
vibrant	adjective	C1	1953	oxford5000
widen	verb	C1	1954	oxford5000
transcript	noun	C1	1955	oxford5000
unify	verb	C1	1956	oxford5000
vice	noun	C1	1957	oxford5000
widow	noun	C1	1958	oxford5000
transformation	noun	C1	1959	oxford5000
unprecedented	adjective	C1	1960	oxford5000
vicious	adjective	C1	1961	oxford5000
width	noun	C1	1962	oxford5000
transit	noun	C1	1963	oxford5000
unveil	verb	C1	1964	oxford5000
villager	noun	C1	1965	oxford5000
willingness	noun	C1	1966	oxford5000
transmission	noun	C1	1967	oxford5000
upcoming	adjective	C1	1968	oxford5000
violate	verb	C1	1969	oxford5000
wipe	verb	C1	1970	oxford5000
transparency	noun	C1	1971	oxford5000
upgrade	verb	C1	1972	oxford5000
upgrade	noun	C1	1972	oxford5000
violation	noun	C1	1973	oxford5000
wit	noun	C1	1974	oxford5000
transparent	adjective	C1	1975	oxford5000
uphold	verb	C1	1976	oxford5000
virtue	noun	C1	1977	oxford5000
withdrawal	noun	C1	1978	oxford5000
trauma	noun	C1	1979	oxford5000
utility	noun	C1	1980	oxford5000
vocal	adjective	C1	1981	oxford5000
workout	noun	C1	1982	oxford5000
treaty	noun	C1	1983	oxford5000
utilize	verb	C1	1984	oxford5000
vow	verb	C1	1985	oxford5000
worship	noun	C1	1986	oxford5000
worship	verb	C1	1986	oxford5000
tremendous	adjective	C1	1987	oxford5000
utterly	adverb	C1	1988	oxford5000
vulnerability	noun	C1	1989	oxford5000
worthwhile	adjective	C1	1990	oxford5000
tribal	adjective	C1	1991	oxford5000
vacuum	noun	C1	1992	oxford5000
vulnerable	adjective	C1	1993	oxford5000
worthy	adjective	C1	1994	oxford5000
tribunal	noun	C1	1995	oxford5000
vague	adjective	C1	1996	oxford5000
ward	noun	C1	1997	oxford5000
yell	verb	C1	1998	oxford5000
tribute	noun	C1	1999	oxford5000
validity	noun	C1	2000	oxford5000
warehouse	noun	C1	2001	oxford5000
yield	noun	C1	2002	oxford5000
yield	verb	C1	2002	oxford5000
trigger	noun	C1	2003	oxford5000
vanish	verb	C1	2004	oxford5000
warfare	noun	C1	2005	oxford5000
youngster	noun	C1	2006	oxford5000
trio	noun	C1	2007	oxford5000
variable	noun	C1	2008	oxford5000
variable	adjective	C1	2008	oxford5000
warrant	noun	C1	2009	oxford5000
warrant	verb	C1	2009	oxford5000
triumph	noun	C1	2010	oxford5000
varied	adjective	C1	2011	oxford5000
warrior	noun	C1	2012	oxford5000
trophy	noun	C1	2013	oxford5000
vein	noun	C1	2014	oxford5000
weaken	verb	C1	2015	oxford5000
