source	source_key	text	translate	type	level	transcription	example	example_ru	memory_hint	topics	forms
core5000	core5000:cabin:noun:1	cabin	кабина; хижина	noun	B1	[ˈkæbɪn]	We stayed in a small cabin near the lake.	Мы остановились в маленькой хижине у озера.	Cabin = небольшое помещение: хижина, каюта или кабина.	travel,home	cabins
core5000	core5000:calendar:noun:1	calendar	календарь	noun	A2	[ˈkælɪndə]	Add the meeting to your calendar.	Добавь встречу в календарь.	Calendar почти как “календарь”.	time,IT	calendars
core5000	core5000:campaign:noun:1	campaign	кампания	noun	B1	[kæmˈpeɪn]	The campaign started online.	Кампания началась онлайн.	Campaign почти как “кампания”: организованная серия действий.	business,society	campaigns
core5000	core5000:cancel:verb:1	cancel	отменять	verb	A2	[ˈkænsəl]	Cancel the order if the price is wrong.	Отмени заказ, если цена неправильная.	Cancel = отменять. В интерфейсах Cancel = отмена.	IT,shopping	cancels,cancelled,cancelling
core5000	core5000:capable:adjective:1	capable	способный	adjective	B2	[ˈkeɪpəbəl]	She is capable of solving the problem.	Она способна решить проблему.	Capable часто идёт с of: capable of doing something.	people,work	
core5000	core5000:capacity:noun:1	capacity	вместимость; способность	noun	B2	[kəˈpæsəti]	The stadium has a capacity of 50,000.	Стадион вмещает 50 000 человек.	Capacity = вместимость или способность что-то делать.	technology,work	capacities
core5000	core5000:carbon:noun:1	carbon	углерод	noun	B1	[ˈkɑːbən]	Carbon is an important element.	Углерод — важный элемент.	Carbon почти как “карбон/углерод”.	science,nature	
core5000	core5000:careless:adjective:1	careless	неосторожный; невнимательный	adjective	B1	[ˈkeələs]	It was a careless mistake.	Это была невнимательная ошибка.	Careless = care + -less: без заботы/внимания.	people,education	
core5000	core5000:carpet:noun:1	carpet	ковёр	noun	A2	[ˈkɑːpɪt]	The carpet is soft.	Ковёр мягкий.	Carpet = ковёр.	home,daily life	carpets
core5000	core5000:carriage:noun:1	carriage	вагон; экипаж	noun	B2	[ˈkærɪdʒ]	Our seats are in the first carriage.	Наши места в первом вагоне.	Carriage связано с carry — перевозить.	transport,travel	carriages
core5000	core5000:cashier:noun:1	cashier	кассир	noun	A2	[kæˈʃɪə]	Pay the cashier at the desk.	Заплати кассиру у стойки.	Cashier связано с cash — наличные деньги.	shopping,work	cashiers
core5000	core5000:castle:noun:1	castle	замок	noun	A2	[ˈkɑːsəl]	The old castle is on the hill.	Старый замок находится на холме.	Castle = замок-крепость.	history,travel	castles
core5000	core5000:casual:adjective:1	casual	повседневный; неформальный	adjective	B1	[ˈkæʒuəl]	Wear casual clothes.	Надень повседневную одежду.	Casual = неформальный/повседневный.	clothes,communication	
core5000	core5000:catalog:noun:1	catalog	каталог	noun	B1	[ˈkætəlɒɡ]	Check the product catalog.	Проверь каталог товаров.	Catalog почти как “каталог”. В IT catalog = каталог/список объектов.	shopping,IT	catalogs
core5000	core5000:ceiling:noun:1	ceiling	потолок	noun	A2	[ˈsiːlɪŋ]	The ceiling is very high.	Потолок очень высокий.	Ceiling = потолок.	home,building	ceilings
core5000	core5000:celebrity:noun:1	celebrity	знаменитость	noun	B1	[səˈlebrəti]	The celebrity gave an interview.	Знаменитость дала интервью.	Celebrity связано с celebrate: человек, которого “празднуют”/знают.	people,media	celebrities
core5000	core5000:cell:noun:1	cell	клетка; ячейка	noun	B1	[sel]	A table cell can contain text.	Ячейка таблицы может содержать текст.	Cell = клетка организма или ячейка таблицы.	science,IT	cells
core5000	core5000:census:noun:1	census	перепись населения	noun	B2	[ˈsensəs]	The census collects population data.	Перепись собирает данные о населении.	Census = официальная перепись населения.	society,statistics	censuses
core5000	core5000:ceramic:adjective:1	ceramic	керамический	adjective	B2	[səˈræmɪk]	The cup is ceramic.	Чашка керамическая.	Ceramic почти как “керамический”.	home,art	
core5000	core5000:certificate:noun:1	certificate	сертификат	noun	B1	[səˈtɪfɪkət]	She received a certificate after the course.	Она получила сертификат после курса.	Certificate почти как “сертификат”.	education,work	certificates
core5000	core5000:chain:noun:1	chain	цепь; сеть	noun	B1	[tʃeɪn]	The company owns a chain of shops.	Компания владеет сетью магазинов.	Chain = цепь, а также сеть магазинов/связанных объектов.	business,daily life	chains
core5000	core5000:champion:noun:1	champion	чемпион	noun	A2	[ˈtʃæmpiən]	He became a world champion.	Он стал чемпионом мира.	Champion почти как “чемпион”.	sport,people	champions
core5000	core5000:charity:noun:1	charity	благотворительность	noun	B1	[ˈtʃærəti]	They raised money for charity.	Они собрали деньги на благотворительность.	Charity = благотворительность или благотворительная организация.	society,money	charities
core5000	core5000:charm:noun:1	charm	очарование; очаровывать	noun	B2	[tʃɑːm]	The old town has special charm.	У старого города особое очарование.	Charm = очарование; charming = очаровательный.	emotions,travel	charms
core5000	core5000:chart:noun:1	chart	диаграмма; график	noun	B1	[tʃɑːt]	The chart shows sales growth.	Диаграмма показывает рост продаж.	Chart = диаграмма/график.	education,IT	charts
core5000	core5000:cheer:verb:1	cheer	подбадривать; радоваться	verb	B1	[tʃɪə]	The fans cheered loudly.	Болельщики громко приветствовали команду.	Cheer = подбадривать/радостно кричать.	emotions,sport	cheers,cheered,cheering
core5000	core5000:chemical:noun:1	chemical	химический; химикат	noun	B1	[ˈkemɪkəl]	Be careful with this chemical.	Будь осторожен с этим химикатом.	Chemical связано с chemistry — химия.	science,health	chemicals
core5000	core5000:chest:noun:1	chest	грудная клетка; сундук	noun	B1	[tʃest]	He felt pain in his chest.	Он почувствовал боль в груди.	Chest = грудная клетка, а также сундук.	body,home	chests
core5000	core5000:childhood:noun:1	childhood	детство	noun	B1	[ˈtʃaɪldhʊd]	She spent her childhood in the village.	Она провела детство в деревне.	Childhood = child + -hood: период, когда человек ребёнок.	family,time	
core5000	core5000:chip:noun:1	chip	чип; кусочек	noun	B1	[tʃɪp]	The computer has a powerful chip.	В компьютере мощный чип.	Chip = маленький кусочек, а в технике — микрочип.	IT,technology	chips
core5000	core5000:circuit:noun:1	circuit	цепь; схема	noun	B2	[ˈsɜːkɪt]	The circuit controls the device.	Схема управляет устройством.	Circuit = замкнутая цепь/электрическая схема.	technology,science	circuits
core5000	core5000:circumstance:noun:1	circumstance	обстоятельство	noun	B2	[ˈsɜːkəmstəns]	The decision depends on the circumstances.	Решение зависит от обстоятельств.	Circumstance = обстоятельство. Часто во множественном числе circumstances.	communication,work	circumstances
core5000	core5000:classic:adjective:1	classic	классический	adjective	B1	[ˈklæsɪk]	This is a classic example.	Это классический пример.	Classic почти как “классический”.	art,education	
core5000	core5000:classification:noun:1	classification	классификация	noun	B2	[ˌklæsɪfɪˈkeɪʃən]	The classification is based on level.	Классификация основана на уровне.	Classification связано с classify — классифицировать.	education,IT	classifications
core5000	core5000:classify:verb:1	classify	классифицировать	verb	B2	[ˈklæsɪfaɪ]	Classify the words by topic.	Классифицируй слова по теме.	Classify почти как “классифицировать”.	education,IT	classifies,classified,classifying
core5000	core5000:clerk:noun:1	clerk	служащий; клерк	noun	B1	[klɑːk]	Ask the clerk for help.	Попроси служащего о помощи.	Clerk похоже на “клерк”: офисный служащий или работник.	work,shopping	clerks
core5000	core5000:clickable:adjective:1	clickable	кликабельный	adjective	B1	[ˈklɪkəbəl]	The icon is clickable.	Иконка кликабельна.	Clickable = click + -able: то, на что можно нажать.	IT,design	
core5000	core5000:cliff:noun:1	cliff	утёс; обрыв	noun	B1	[klɪf]	The path goes along the cliff.	Тропа идёт вдоль утёса.	Cliff = высокий обрыв/утёс.	nature,travel	cliffs
core5000	core5000:clip:noun:1	clip	зажим; короткий фрагмент	noun	B1	[klɪp]	Watch this short video clip.	Посмотри этот короткий видеоклип.	Clip = зажим или короткий фрагмент видео/аудио.	media,technology	clips
core5000	core5000:closet:noun:1	closet	шкаф; кладовка	noun	A2	[ˈklɒzɪt]	Put your coat in the closet.	Повесь пальто в шкаф.	Closet = встроенный шкаф/кладовка.	home,clothes	closets
core5000	core5000:coastal:adjective:1	coastal	прибрежный	adjective	B2	[ˈkəʊstəl]	They live in a coastal town.	Они живут в прибрежном городе.	Coastal связано с coast — побережье.	nature,travel	
core5000	core5000:cognitive:adjective:1	cognitive	когнитивный; познавательный	adjective	B2	[ˈkɒɡnətɪv]	Reading improves cognitive skills.	Чтение улучшает когнитивные навыки.	Cognitive связано с cognition — мышление/познание.	education,health	
core5000	core5000:coincidence:noun:1	coincidence	совпадение	noun	B2	[kəʊˈɪnsɪdəns]	It was a strange coincidence.	Это было странное совпадение.	Coincidence = совпадение событий.	communication,daily life	coincidences
core5000	core5000:collapse:verb:1	collapse	рушиться; коллапс	verb	B2	[kəˈlæps]	The old bridge collapsed.	Старый мост рухнул.	Collapse почти как “коллапс”: резкое разрушение или сбой.	building,health	collapses,collapsed,collapsing
core5000	core5000:colleague:noun:1	colleague	коллега	noun	A2	[ˈkɒliːɡ]	My colleague helped me.	Мой коллега помог мне.	Colleague = коллега.	work,people	colleagues
core5000	core5000:colonial:adjective:1	colonial	колониальный	adjective	B2	[kəˈləʊniəl]	The building has colonial architecture.	У здания колониальная архитектура.	Colonial связано с colony — колония.	history,society	
core5000	core5000:combat:noun:1	combat	борьба; сражение	noun	B2	[ˈkɒmbæt]	The program helps combat stress.	Программа помогает бороться со стрессом.	Combat может значить бой, но также “борьба с проблемой”.	society,health	
core5000	core5000:comedy:noun:1	comedy	комедия	noun	A2	[ˈkɒmədi]	We watched a comedy last night.	Вчера вечером мы смотрели комедию.	Comedy почти как “комедия”.	art,emotions	comedies
core5000	core5000:comfortably:adverb:1	comfortably	удобно; комфортно	adverb	B1	[ˈkʌmftəbli]	The chair fits comfortably in the room.	Стул удобно помещается в комнате.	Comfortably связано с comfortable — удобный.	home,daily life	
core5000	core5000:command:noun:1	command	команда; приказ	noun	B1	[kəˈmɑːnd]	Type the command in the terminal.	Введи команду в терминале.	Command = команда. В IT command = команда для программы.	IT,work	commands
core5000	core5000:commerce:noun:1	commerce	торговля; коммерция	noun	B2	[ˈkɒmɜːs]	Online commerce is growing.	Онлайн-торговля растёт.	Commerce почти как “коммерция”.	business,money	
core5000	core5000:commission:noun:1	commission	комиссия; поручение	noun	B2	[kəˈmɪʃən]	The agent gets a commission.	Агент получает комиссию.	Commission = комиссия/вознаграждение или поручение.	money,work	commissions
core5000	core5000:commitment:noun:1	commitment	обязательство; преданность	noun	B2	[kəˈmɪtmənt]	The project requires commitment.	Проект требует серьёзной вовлечённости.	Commitment связано с commit — брать обязательство.	work,people	commitments
core5000	core5000:commodity:noun:1	commodity	товар; сырьё	noun	B2	[kəˈmɒdəti]	Oil is an important commodity.	Нефть — важный товар/сырьё.	Commodity = товар, особенно сырьевой товар.	business,money	commodities
core5000	core5000:companion:noun:1	companion	спутник; компаньон	noun	B1	[kəmˈpæniən]	The dog was his loyal companion.	Собака была его верным спутником.	Companion = тот, кто находится рядом и сопровождает.	people,travel	companions
core5000	core5000:compatible:adjective:1	compatible	совместимый	adjective	B2	[kəmˈpætəbəl]	This plugin is compatible with the new version.	Этот плагин совместим с новой версией.	Compatible = совместимый.	IT,technology	
core5000	core5000:compensation:noun:1	compensation	компенсация	noun	B2	[ˌkɒmpenˈseɪʃən]	They received compensation for the delay.	Они получили компенсацию за задержку.	Compensation почти как “компенсация”.	money,work	
core5000	core5000:compile:verb:1	compile	компилировать; собирать	verb	B2	[kəmˈpaɪl]	Compile the code before running it.	Скомпилируй код перед запуском.	Compile почти как “компилировать”.	IT,work	compiles,compiled,compiling
core5000	core5000:completion:noun:1	completion	завершение	noun	B2	[kəmˈpliːʃən]	The completion of the project took a month.	Завершение проекта заняло месяц.	Completion связано с complete — завершать.	work,time	
core5000	core5000:component:noun:1	component	компонент; составная часть	noun	B1	[kəmˈpəʊnənt]	This component controls the menu.	Этот компонент управляет меню.	Component почти как “компонент”.	IT,technology	components
core5000	core5000:compose:verb:1	compose	составлять; сочинять	verb	B2	[kəmˈpəʊz]	She composed a short song.	Она сочинила короткую песню.	Compose = составлять из частей или сочинять музыку/текст.	art,communication	composes,composed,composing
core5000	core5000:composer:noun:1	composer	композитор	noun	B1	[kəmˈpəʊzə]	Mozart was a famous composer.	Моцарт был известным композитором.	Composer = compose + -er: тот, кто сочиняет музыку.	music,art	composers
core5000	core5000:composition:noun:1	composition	сочинение; состав; композиция	noun	B2	[ˌkɒmpəˈzɪʃən]	The composition of the image is balanced.	Композиция изображения сбалансирована.	Composition связано с compose — составлять/сочинять.	art,education	compositions
core5000	core5000:compound:noun:1	compound	составной; соединение	noun	B2	[ˈkɒmpaʊnd]	Water is a chemical compound.	Вода — химическое соединение.	Compound = составное слово/соединение.	science,language	compounds
core5000	core5000:comprehensive:adjective:1	comprehensive	всесторонний; полный	adjective	B2	[ˌkɒmprɪˈhensɪv]	The guide gives a comprehensive overview.	Руководство даёт полный обзор.	Comprehensive = охватывающий всё важное, полный.	education,work	
core5000	core5000:compress:verb:1	compress	сжимать	verb	B2	[kəmˈpres]	Compress the image before uploading it.	Сожми изображение перед загрузкой.	Compress = сжимать. В IT compress = уменьшить размер файла.	IT,technology	compresses,compressed,compressing
core5000	core5000:compression:noun:1	compression	сжатие	noun	B2	[kəmˈpreʃən]	Image compression reduces file size.	Сжатие изображения уменьшает размер файла.	Compression связано с compress — сжимать.	IT,technology	
core5000	core5000:concentrate:verb:1	concentrate	сосредотачиваться	verb	B1	[ˈkɒnsəntreɪt]	Concentrate on one task.	Сосредоточься на одной задаче.	Concentrate почти как “концентрироваться”.	education,work	concentrates,concentrated,concentrating
core5000	core5000:concentration:noun:1	concentration	концентрация; сосредоточенность	noun	B2	[ˌkɒnsənˈtreɪʃən]	Good sleep improves concentration.	Хороший сон улучшает концентрацию.	Concentration связано с concentrate — сосредотачиваться.	education,health	
core5000	core5000:conceptual:adjective:1	conceptual	концептуальный	adjective	B2	[kənˈseptʃuəl]	This is a conceptual problem.	Это концептуальная проблема.	Conceptual связано с concept — понятие/концепция.	education,work	
core5000	core5000:concerned:adjective:1	concerned	обеспокоенный; связанный	adjective	B1	[kənˈsɜːnd]	She is concerned about the result.	Она обеспокоена результатом.	Concerned about = обеспокоенный чем-то.	emotions,communication	
core5000	core5000:conclude:verb:1	conclude	заключать; завершать	verb	B1	[kənˈkluːd]	We concluded that the test was useful.	Мы заключили, что тест был полезен.	Conclude связано с conclusion — вывод/заключение.	education,communication	concludes,concluded,concluding
core5000	core5000:conclusion:noun:1	conclusion	вывод; заключение	noun	B1	[kənˈkluːʒən]	The conclusion is clear.	Вывод понятен.	Conclusion связано с conclude — делать вывод.	education,communication	conclusions
core5000	core5000:conduct:verb:1	conduct	проводить; поведение	verb	B2	[kənˈdʌkt]	They conducted a survey.	Они провели опрос.	Conduct как verb = проводить; conduct как noun = поведение.	work,education	conducts,conducted,conducting
core5000	core5000:conference:noun:1	conference	конференция	noun	A2	[ˈkɒnfərəns]	The conference starts tomorrow.	Конференция начинается завтра.	Conference почти как “конференция”.	work,education	conferences
core5000	core5000:confess:verb:1	confess	признаваться	verb	B2	[kənˈfes]	He confessed his mistake.	Он признал свою ошибку.	Confess = признаться в чём-то.	communication,people	confesses,confessed,confessing
core5000	core5000:confidence:noun:1	confidence	уверенность	noun	B1	[ˈkɒnfɪdəns]	Practice gives confidence.	Практика даёт уверенность.	Confidence связано с confident — уверенный.	emotions,education	
core5000	core5000:configuration:noun:1	configuration	конфигурация; настройка	noun	B2	[kənˌfɪɡəˈreɪʃən]	Check the server configuration.	Проверь конфигурацию сервера.	Configuration почти как “конфигурация”.	IT,technology	configurations
core5000	core5000:confirm:verb:1	confirm	подтверждать	verb	B1	[kənˈfɜːm]	Confirm your email address.	Подтверди свой email-адрес.	Confirm = подтвердить. Confirmation = подтверждение.	IT,communication	confirms,confirmed,confirming
core5000	core5000:confirmation:noun:1	confirmation	подтверждение	noun	B1	[ˌkɒnfəˈmeɪʃən]	You will receive a confirmation email.	Ты получишь письмо с подтверждением.	Confirmation связано с confirm — подтверждать.	IT,communication	confirmations
core5000	core5000:confusion:noun:1	confusion	путаница; замешательство	noun	B2	[kənˈfjuːʒən]	The instructions caused confusion.	Инструкции вызвали путаницу.	Confusion связано с confuse — путать.	communication,education	
core5000	core5000:conscious:adjective:1	conscious	сознательный; находящийся в сознании	adjective	B2	[ˈkɒnʃəs]	He was conscious after the accident.	Он был в сознании после происшествия.	Conscious = осознающий или находящийся в сознании.	health,people	
core5000	core5000:consent:noun:1	consent	согласие	noun	B2	[kənˈsent]	We need the user's consent.	Нам нужно согласие пользователя.	Consent = согласие, часто официальное.	society,IT	
core5000	core5000:consist:verb:1	consist	состоять	verb	B1	[kənˈsɪst]	The team consists of five people.	Команда состоит из пяти человек.	Consist часто идёт с of: consist of — состоять из.	communication,work	consists,consisted,consisting
core5000	core5000:consistent:adjective:1	consistent	последовательный; стабильный	adjective	B2	[kənˈsɪstənt]	Her results are consistent.	Её результаты стабильны.	Consistent = стабильный/последовательный, без противоречий.	work,education	
core5000	core5000:constant:adjective:1	constant	постоянный	adjective	B2	[ˈkɒnstənt]	The app needs a constant internet connection.	Приложению нужно постоянное интернет-соединение.	Constant почти как “константа”: постоянный.	IT,science	
core5000	core5000:construct:verb:1	construct	строить; создавать	verb	B2	[kənˈstrʌkt]	They constructed a new bridge.	Они построили новый мост.	Construct связано с construction — строительство.	building,work	constructs,constructed,constructing
core5000	core5000:construction:noun:1	construction	строительство; конструкция	noun	B1	[kənˈstrʌkʃən]	The road is under construction.	Дорога строится.	Construction связано с construct — строить.	building,work	constructions
core5000	core5000:container:noun:1	container	контейнер; ёмкость	noun	B1	[kənˈteɪnə]	The container holds user data.	Контейнер хранит данные пользователя.	Container = contain + -er: то, что содержит что-то внутри.	IT,daily life	containers
core5000	core5000:contemporary:adjective:1	contemporary	современный	adjective	B2	[kənˈtempərəri]	The museum shows contemporary art.	Музей показывает современное искусство.	Contemporary = современный, относящийся к нашему времени.	art,society	
core5000	core5000:contest:noun:1	contest	конкурс; соревнование	noun	B1	[ˈkɒntest]	She won a writing contest.	Она выиграла конкурс сочинений.	Contest = конкурс/соревнование.	education,sport	contests
core5000	core5000:contractor:noun:1	contractor	подрядчик	noun	B2	[kənˈtræktə]	The contractor repaired the roof.	Подрядчик отремонтировал крышу.	Contractor связан с contract — контракт; тот, кто работает по договору.	work,business	contractors
core5000	core5000:contribution:noun:1	contribution	вклад	noun	B2	[ˌkɒntrɪˈbjuːʃən]	Her contribution was important.	Её вклад был важен.	Contribution связано с contribute — вносить вклад.	work,society	contributions
core5000	core5000:convenience:noun:1	convenience	удобство	noun	B2	[kənˈviːniəns]	Online payment offers convenience.	Онлайн-оплата даёт удобство.	Convenience связано с convenient — удобный.	IT,daily life	
core5000	core5000:convention:noun:1	convention	съезд; соглашение; условность	noun	B2	[kənˈvenʃən]	The convention attracted many experts.	Съезд привлёк много экспертов.	Convention может значить съезд, соглашение или принятую условность.	work,society	conventions
core5000	core5000:conversion:noun:1	conversion	преобразование; конверсия	noun	B2	[kənˈvɜːʃən]	File conversion takes a few seconds.	Преобразование файла занимает несколько секунд.	Conversion связано с convert — преобразовывать.	IT,business	conversions
core5000	core5000:convert:verb:1	convert	преобразовывать; конвертировать	verb	B1	[kənˈvɜːt]	Convert the file to PDF.	Преобразуй файл в PDF.	Convert почти как “конвертировать”.	IT,technology	converts,converted,converting
core5000	core5000:coordinate:noun:1	coordinate	координата; координировать	noun	B2	[kəʊˈɔːdɪnət]	The map shows the coordinates.	Карта показывает координаты.	Coordinate может быть координата или глагол “координировать”.	science,IT	coordinates
core5000	core5000:corporate:adjective:1	corporate	корпоративный	adjective	B2	[ˈkɔːpərət]	She works in corporate finance.	Она работает в корпоративных финансах.	Corporate почти как “корпоративный”.	business,work	
core5000	core5000:correspond:verb:1	correspond	соответствовать; переписываться	verb	B2	[ˌkɒrəˈspɒnd]	The numbers correspond to the table.	Числа соответствуют таблице.	Correspond = соответствовать или вести переписку.	communication,education	corresponds,corresponded,corresponding
